etiqueta,feature_1,feature_2,feature_3,feature_4,feature_5,feature_6,feature_7,feature_8
0.0,0.8248776793479918,-1.80351984500885,1.5936943292617796,0.5462499856948853,1.428977131843567,0.3618528842926025,0.3945601284503937,-0.19037209451198575
0.0,0.44161522388458246,-0.05809589475393295,-0.7762200832366942,0.4923831522464752,-0.8374119400978088,-1.47194766998291,1.1443915367126465,0.8916335105895997
0.0,1.106153964996338,-1.232228636741638,0.2931582033634186,1.505513310432434,0.5931507349014281,-1.352574586868286,0.2125883251428604,0.48827624320983887
0.0,0.5316421389579773,-1.4106872081756592,0.8524755835533142,0.49855908751487726,-0.7725136876106262,0.031467124819755554,0.77919602394104,-0.9802271127700803
0.0,0.5025994181632996,-1.624867796897888,-0.48407018184661865,0.6015611290931702,-0.840699017047882,-1.6976922750473022,0.628349244594574,0.47457486391067505
0.0,0.5222099423408508,1.6734205484390259,1.1042275428771973,0.7420216202735901,-0.7818746566772462,-0.5272761583328247,0.13269825279712677,-0.3806229531764984
0.0,0.5122455954551697,1.7285254001617432,0.9620227813720704,0.429263174533844,1.1058369874954224,1.084328293800354,0.8372387886047363,-0.7340712547302246
0.0,0.7531906962394713,1.8273664712905884,-0.48163548111915594,0.8723717927932739,1.5935006141662595,0.9534660577774048,0.258340984582901,0.6069040298461914
0.0,1.409271001815796,-0.3623612225055695,-0.47287744283676153,1.6681766510009763,-1.4158021211624143,1.0555367469787595,0.4234515726566314,1.63969886302948
0.0,0.3572534918785095,-0.09672264754772186,0.6621679067611694,0.470475971698761,1.2951241731643677,-1.212343454360962,0.1242220401763916,-1.3006547689437866
0.0,0.5564824342727661,-0.83723247051239,-1.629349708557129,0.5230206251144409,0.036652397364377975,-0.6487246155738832,0.31757640838623047,-0.05128742754459381
0.0,1.763874053955078,1.873709201812744,1.0461848974227903,1.827702879905701,1.432247757911682,-0.2658697962760925,0.5655359029769897,-1.0724196434020996
0.0,0.7641569972038269,-0.797759175300598,-0.9910569190979006,1.0693135261535645,0.3024851679801941,1.195685029029846,0.7595390677452086,0.23144684731960297
0.0,0.30512607097625727,0.783999264240265,-0.03613649681210518,0.4776569306850433,-0.5131233334541321,1.028732657432556,0.19795507192611692,-0.49449655413627613
0.0,0.38740631937980646,-1.8929005861282349,-0.27676379680633545,0.44685661792755127,0.1492874175310135,0.3750666379928589,0.7571377754211426,1.4745426177978516
0.0,0.8043493032455443,1.9528053998947144,-0.3095092475414276,1.0235748291015625,0.9036240577697754,1.4588228464126587,0.5810505747795105,1.145659565925598
0.0,1.8093611001968384,-0.3290265798568725,-0.4891742467880249,2.1632020473480225,0.11950909346342085,1.1374284029006958,0.2799282968044281,-0.11548111587762833
0.0,0.46250259876251215,0.3523409366607666,1.3798184394836424,0.6778837442398071,1.4737101793289185,0.6962522864341736,0.22453758120536804,-0.16218779981136322
0.0,0.8203276991844177,-0.3336213231086731,-0.123187355697155,1.1735327243804932,0.784540355205536,1.6609432697296143,0.06237417459487915,-0.09072313457727432
0.0,1.2840511798858643,0.9483683705329896,0.44844982028007513,1.5278319120407104,1.127684473991394,-1.5412131547927856,1.0222879648208618,-0.030562259256839752
0.0,0.34858891367912287,0.6789103746414185,-0.9541417956352234,0.504422128200531,0.7814823985099792,0.5131816267967224,0.4982951283454895,1.4274252653121948
0.0,5.06529426574707,0.26717492938041687,-1.57227885723114,7.120141983032227,-0.4920090138912201,0.017798505723476406,0.5471023321151732,-0.7145554423332214
0.0,1.9851858615875244,0.7931072115898131,1.7095366716384888,2.6007239818573,0.18396250903606412,0.15146474540233612,1.72696316242218,-1.3822560310363767
0.0,1.2703808546066284,1.2739531993865967,-0.02391197718679905,1.8480391502380369,1.3019288778305051,1.670974850654602,0.6585929393768312,-1.199018955230713
0.0,0.4295451939105988,-1.841386318206787,-0.7034168839454651,0.6299099922180176,-1.1044752597808836,-0.694989800453186,0.8763635158538817,0.4560684859752655
0.0,0.4531416594982147,-0.04566333442926407,-1.4962894916534424,0.7508527040481566,1.505196213722229,0.365586131811142,0.5682883262634277,-0.14395791292190552
0.0,0.4594191908836365,0.888823390007019,1.1809569597244263,0.5674221515655518,1.049414038658142,0.8719111680984497,0.273841917514801,-1.5662822723388672
0.0,0.5675416588783264,-1.0893827676773071,-0.9131789803504944,0.453926146030426,-1.4173179864883423,0.1676294207572937,1.2228826284408567,1.2380176782608032
0.0,0.6334692239761353,-0.7679218649864196,-1.5339555740356443,0.6484334468841553,-0.2820613384246826,-0.2836449444293976,0.8467720150947571,0.7569873332977296
0.0,0.5045536160469055,-0.7552602291107178,0.028291912749409676,0.561636209487915,-0.4637250900268554,1.16580593585968,0.571684956550598,-0.98984158039093
0.0,1.4541597366333008,-0.2967733442783356,-0.5846312642097473,2.3075926303863525,1.6124154329299927,1.2602134943008423,0.21568511426448825,0.0534585677087307
0.0,0.6029955744743347,-1.9459958076477049,1.0854359865188599,0.8875287175178528,-1.3063257932662964,-0.25376355648040766,0.6860340237617493,-1.6325511932373047
0.0,0.7337966561317443,0.617852509021759,0.8249921798706055,0.8455230593681334,1.3892199993133545,-1.0986623764038084,0.5510964393615723,-0.4960424602031708
0.0,0.6867284774780273,-0.43233281373977667,0.26933372020721436,1.108777642250061,0.9049174189567566,-1.4885103702545166,0.0729885995388031,-0.7533774375915526
0.0,1.344687819480896,1.4751920700073242,1.4891778230667114,1.9199602603912356,1.4633630514144895,-0.15107238292694092,0.5049653053283691,0.8160371184349059
0.0,2.481749534606933,-1.447729468345642,-0.6119821667671204,3.519119501113892,0.6095939874649048,1.0157253742218015,0.2020620554685593,-0.7985243797302246
0.0,0.8670737743377684,-0.1857661008834839,-1.131163477897644,0.6046748161315918,1.620661735534668,1.1222901344299316,0.37676167488098145,0.1451907604932785
0.0,0.814676523208618,-0.0707145556807518,1.0530710220336914,0.6837296485900879,0.11380913853645323,-0.6658780574798584,0.4573336243629456,-0.9492368698120115
0.0,0.5787549614906311,1.057401180267334,-0.33027395606040955,0.58524489402771,-0.9945293068885804,-1.6219342947006223,0.9759196639060974,1.1985169649124143
0.0,1.9048672914505005,0.1630379408597946,0.7901201844215393,1.712498903274536,1.8477950096130369,-0.9594635963439939,1.1879699230194092,-1.0485768318176267
0.0,0.5625079274177551,-1.8072872161865237,0.7554580569267274,0.7175000905990601,-0.6543436050415039,-1.301853895187378,0.7899377942085266,-0.8728622794151306
0.0,0.4685751795768738,1.0797526836395264,0.14483989775180817,0.5765381455421448,0.40730863809585566,-1.2352772951126099,0.12281959503889084,1.0813500881195068
0.0,1.1139922142028809,0.969862163066864,-0.8760042786598204,0.6976715922355652,-0.4055590033531189,1.0686709880828855,0.9838839769363404,0.7047979235649109
0.0,0.7077265977859497,0.8802797198295593,-1.093916893005371,0.7919690012931823,-1.202962040901184,0.6664283275604248,0.09849819540977478,-0.0901673585176468
0.0,0.6873471736907959,1.8889381885528564,1.1821166276931763,0.5334824323654175,0.8032491803169249,0.054865404963493354,0.9408940076828003,-1.4764906167984009
0.0,0.7197660207748413,-0.40667566657066345,-0.8446995019912719,0.4325461089611053,-0.2062335759401321,-1.0658349990844727,0.8190128207206726,0.8820797801017761
0.0,0.821397066116333,-1.5564846992492676,0.02874511107802391,1.1248475313186643,-1.4785270690917969,-1.3273826837539673,0.3832254707813263,0.196368545293808
0.0,0.6078460216522217,-1.2718777656555176,-0.9147968888282778,0.4826006591320038,1.3017394542694092,1.0835387706756592,0.7942420840263367,0.1615198254585266
0.0,0.39289075136184687,0.4845400154590607,0.7676177024841309,0.5915901064872742,1.924813270568848,-0.9715599417686462,0.7933663129806519,1.43568754196167
0.0,0.5130959749221802,0.7260569930076598,1.5478003025054932,0.5746887922286987,1.2539747953414917,-0.853843092918396,0.3699205219745636,-0.9492589831352234
0.0,0.6532299518585205,0.996813416481018,1.2255809307098389,0.5766388773918152,1.8767850399017332,-1.38143789768219,1.2289255857467651,-0.18190068006515503
0.0,0.5578458905220032,-1.5962178707122803,1.6784032583236694,0.7031916975975037,0.000741740281227976,0.974804401397705,0.4354566633701325,-0.08573213219642638
0.0,0.7435878515243529,-1.3332390785217283,-0.6536738872528076,0.5258857607841492,-1.0407781600952148,-1.693954586982727,0.649847686290741,-0.05458458885550498
0.0,0.40637263655662537,1.578245997428894,0.1657956689596176,0.6770758628845215,1.5512802600860596,-1.2018536329269407,0.1779446303844452,-0.52466881275177
0.0,0.8794226646423341,-0.37430301308631897,0.09488984197378159,1.119400143623352,-0.21410509943962097,-1.3626446723937988,0.4686295390129089,1.169491410255432
0.0,0.5312207341194153,0.17715434730052948,1.3011451959609983,0.7212609052658081,0.3606396913528442,1.6965919733047483,0.4624142944812775,-0.5826688408851624
0.0,0.8308165669441222,-0.5348367094993591,-0.2892409563064575,0.642231822013855,1.091823935508728,0.051872685551643365,0.8099800944328307,-1.6818320751190183
0.0,0.47916594147682184,-0.468930184841156,1.1726075410842896,0.7281975746154785,0.32060736417770386,-0.14477854967117307,0.4810918867588043,-0.9269725084304808
0.0,0.620808482170105,-1.0116655826568604,1.4010398387908936,0.9418691396713258,1.3013687133789062,0.0632035881280899,0.7138365507125854,-0.7336683273315429
0.0,0.6207995414733887,0.6033416986465454,0.7222261428833008,0.7353763580322266,0.9610354900360109,-0.5364105105400084,0.4395602345466614,-0.12792909145355225
0.0,0.5069775581359863,-0.23989230394363403,0.6900820136070251,0.8077260255813599,0.11143573373556136,-1.1358786821365356,0.6752170324325562,-0.7391985654830932
0.0,0.7438971996307373,-1.6982628107070923,-0.419079065322876,1.179350733757019,-0.6914794445037842,1.0150849819183347,0.38613981008529663,-1.318984031677246
0.0,0.5698026418685913,-1.8311691284179688,0.56475830078125,0.5505229830741881,0.9653193354606627,-1.516247510910034,0.6113569140434265,-1.1495172977447508
0.0,0.5433964729309082,-1.8665715456008911,-0.987843096256256,0.7252489328384398,-0.8293632864952086,0.7102588415145874,0.4131031334400177,0.17664681375026703
0.0,0.6852949261665344,-1.653139352798462,-1.4976810216903687,1.101967453956604,0.14200080931186676,1.3108181953430176,0.7640815973281859,-0.4901082217693329
0.0,0.7590112090110778,-0.17920109629631042,0.1364871710538864,0.8366727232933043,0.8669232726097107,1.2703443765640259,0.8955244421958923,-1.3165556192398071
0.0,0.28882941603660583,-1.117065668106079,0.5542607307434082,0.4362683892250061,-1.812895894050598,1.1995110511779783,0.28743988275527954,1.6160435676574707
0.0,0.456847608089447,0.9230484962463379,-0.9344611167907715,0.6116886734962463,1.8901307582855225,0.6714081764221193,0.3855069875717163,1.47206449508667
0.0,2.7515783309936523,0.6282318830490112,1.689265251159668,3.68290376663208,0.4715502858161926,-0.1791771501302719,0.1778431534767151,-0.9445676207542419
0.0,0.9012253880500792,1.2646946907043457,1.0115061998367307,1.2702453136444092,1.8565438985824585,-0.5361090898513794,0.378202885389328,-1.0827736854553223
0.0,0.7127997875213623,1.4370734691619873,-0.6956252455711365,0.5128031373023987,1.722979187965393,-1.4733500480651855,0.6092453002929688,0.8206511735916138
0.0,0.9306576251983641,-0.2356339395046234,-0.4387630820274353,0.5892478823661804,-0.45525792241096497,0.23160795867443085,0.4048275947570801,0.6975622773170471
0.0,0.31620821356773376,-1.2724494934082031,-1.4808607101440427,0.4925074577331543,0.08366009593009949,-0.4261871576309204,0.8414461612701416,-0.2737990617752075
0.0,0.7758578658103943,1.3039822578430176,-0.20977370440959928,0.977996826171875,1.0714263916015625,1.4691579341888428,0.5748980641365051,-1.5172111988067627
0.0,0.7183631062507628,-0.3425089418888092,-0.3483797609806061,0.4801706075668335,0.8823779225349425,0.11194772273302078,1.322136640548706,1.5114880800247192
0.0,0.4848158061504364,1.679634928703308,1.6471648216247559,0.6784216165542603,1.5854932069778442,0.3980970978736877,0.8834623098373413,-0.1669596880674362
0.0,0.5066312551498413,0.2163350135087967,-0.33188584446907043,0.7525969743728637,-0.02968407422304153,-0.08066198229789734,0.7193973064422609,1.393079400062561
0.0,0.40800854563713074,1.6266069412231443,0.08527036011219025,0.5595190525054932,0.8731017708778381,1.0957233905792236,0.9515081048011779,-1.3464529514312744
0.0,0.3915985822677612,-1.4975199699401855,0.5924570560455321,0.5477221608161926,-1.7268652915954588,0.10207577794790268,0.5423659682273865,-0.3908930420875549
0.0,0.6657761335372925,-1.179099678993225,0.4279855191707611,0.8758304715156555,-1.3165162801742551,1.6659950017929075,0.39963856339454645,-1.370466947555542
0.0,0.5198063850402832,-0.5768495798110962,-1.7289847135543823,0.49582898616790766,-1.1060900688171387,-0.1668340265750885,0.33059629797935486,-1.5806708335876465
0.0,0.5612514019012451,-1.617492914199829,1.5015639066696167,0.8667487502098083,0.012928917072713377,-0.10001001507043839,0.13404937088489532,1.3872289657592771
0.0,0.6711268424987793,-1.1248188018798828,-0.17452619969844818,0.7289904356002807,1.0540521144866943,0.905649483203888,0.5485378503799438,1.6556990146636963
0.0,1.2696285247802734,0.9666330814361571,0.5700373649597168,1.43227219581604,1.7522493600845337,-1.1152580976486206,0.4236271381378174,1.4735050201416016
0.0,0.7959508299827575,2.079690933227539,0.8018104434013367,0.526033580303192,0.6938560009002686,-1.6139345169067383,0.9923156499862672,-0.9879650473594664
0.0,0.586342453956604,-0.1454266458749771,0.1585584133863449,0.5661899447441101,0.4249439835548401,1.3507620096206665,0.2225787192583084,-0.7149969935417175
0.0,0.7272644639015197,0.4691000282764434,1.5501030683517456,0.7702633142471313,0.6639178395271301,0.1697489023208618,1.0335291624069212,0.0815848484635353
0.0,0.5538637638092041,-0.0219177957624197,1.0064977407455444,0.875277578830719,-0.11511750519275664,-0.6915338039398192,0.5184537768363953,0.2034286856651306
0.0,0.40462851524353033,0.08450254052877426,-1.2605625391006468,0.6131672859191896,-0.8188695907592772,1.4264646768569946,0.5910763144493103,0.7490838766098022
0.0,0.6256551146507263,-0.4575543105602264,1.2907140254974363,0.640693187713623,-1.2364006042480469,0.1462099403142929,0.8006693124771118,-1.0486540794372559
0.0,0.7894492149353027,0.8741663098335266,-0.25424087047576904,1.3006085157394407,-1.5066850185394287,1.2031328678131104,0.11377932876348495,-1.3131942749023435
0.0,0.4731099009513855,-0.26917037367820734,1.0411101579666135,0.7639030814170836,0.4599889516830444,-0.2791531085968017,0.298860102891922,-0.9615280628204343
0.0,0.433579534292221,-1.5669541358947752,1.6268600225448608,0.557020366191864,1.0136358737945557,-0.8963595628738403,0.588525652885437,-0.24519640207290647
0.0,0.5992209315299988,0.96295827627182,1.0925428867340088,0.9650449752807616,0.38056358695030207,-0.7502596974372863,0.4460149109363556,-0.7017399072647095
0.0,0.6810160875320435,-0.002560555236414075,-1.2250996828079224,0.7939233779907225,-1.2521024942398071,-0.5124397873878479,0.8296838998794556,1.086549162864685
0.0,0.5325320363044739,-1.821969509124756,0.42790931463241577,0.6595466732978821,-1.898135542869568,-0.8620691895484924,0.4983111023902893,1.1625539064407349
0.0,0.4593568444252014,-0.5411258935928345,-0.26741215586662287,0.6430032849311829,-2.010149478912353,1.0985389947891235,0.5235641598701477,1.1764512062072752
0.0,0.5751826763153076,-0.15480199456214905,0.17073297500610352,0.7076275944709778,1.1349010467529297,1.6011850833892822,0.39005520939826965,-1.0820451974868774
0.0,0.8629605174064637,0.6011040806770325,0.07157061994075775,0.47268104553222656,0.3341574072837829,0.9452840685844419,0.3300330340862274,-1.216321587562561
0.0,1.0880724191665647,-1.0127167701721191,1.283336520195007,1.616403579711914,0.949741005897522,-0.26056751608848566,0.33564966917037964,-1.2572463750839231
0.0,0.7330862879753112,-0.8780023455619811,-1.5093215703964231,1.0854240655899048,-1.669363021850586,0.29305294156074524,0.23783226311206815,1.1296374797821045
0.0,0.38166093826293945,-0.8620586395263671,0.6184495091438292,0.4761933088302612,-1.4252017736434937,-0.629064679145813,0.552115797996521,0.8528777360916138
0.0,1.0367025136947632,1.5259580612182615,-1.1879085302352903,1.7011948823928833,-0.9119586944580078,0.3332020938396454,0.492725282907486,0.7302303314208984
0.0,0.7414274215698241,0.006993689108639956,0.9164048433303832,0.9471257925033568,0.08495677262544632,-1.6737867593765259,0.12818536162376404,-0.08687736839056015
0.0,0.7964511513710022,1.3302775621414185,-1.7221096754074097,0.692584216594696,0.7064265608787537,-0.9001469016075134,0.7747161984443665,0.4155261814594269
0.0,0.6019694805145264,0.4711459875106812,1.3832807540893555,0.6667040586471558,-0.6547712087631226,-0.8025923967361449,0.4659512042999268,0.4099589586257935
0.0,0.6005792617797852,0.9834933280944824,-1.3935012817382812,0.8979284167289734,0.23077231645584104,0.45534288883209223,0.33535090088844294,-1.6350789070129395
0.0,0.42991185188293457,0.26015329360961914,-0.22626431286334991,0.5160025358200073,-1.26707923412323,1.3074780702590942,0.38405326008796686,1.325805902481079
0.0,0.5965156555175781,1.9565474987030027,0.376621812582016,0.43934991955757136,-0.09237534552812576,-1.7086513042449951,0.18527722358703613,-0.2526671886444092
0.0,0.7152364850044249,0.024642724543809887,0.8513049483299254,1.0534515380859375,-0.5102918744087219,-1.0585142374038696,0.75068199634552,1.4407981634140015
0.0,0.6258867979049683,0.10210957378149033,-0.5756965279579163,0.5533345341682434,1.4020220041275024,1.6158541440963743,0.5855235457420349,0.024125233292579647
0.0,0.45028868317604065,-0.16610386967658997,0.33608913421630854,0.5962209701538086,-0.5975796580314636,-0.7155497074127197,0.5157355666160583,-1.0088441371917725
0.0,0.6194615960121155,-0.14007171988487244,1.1358911991119385,0.6058727502822876,-0.9585782885551453,-1.3233412504196167,0.17246940732002258,1.2839208841323853
0.0,0.6185194849967957,0.7387909293174743,0.3047153949737549,0.7804915308952332,-0.07425955682992934,-0.9425033330917358,0.3868660926818848,-1.6611186265945435
0.0,1.338042378425598,1.9061683416366575,-0.5949851870536804,1.7707351446151731,1.1252130270004272,1.3200546503067017,0.7786509990692138,0.7226855754852296
0.0,0.49651795625686646,-0.20347069203853607,-1.3063793182373047,0.5456628203392029,-1.4074898958206177,0.5257245898246765,0.4374246299266815,-0.5671323537826538
0.0,0.9990269541740416,-1.6637936830520628,-0.8940448760986328,0.6800073981285095,-1.3288158178329468,0.3369944095611572,0.7270742654800414,0.8010029196739197
0.0,0.6054335832595825,0.11902286112308502,0.309253990650177,0.5982374548912048,-0.39764958620071406,-0.36431041359901434,1.0022673606872559,1.3270477056503296
0.0,0.6206098794937134,1.7989267110824585,0.5771222114562988,0.5470600128173828,1.8072636127471924,-0.6837989687919617,0.4502723813056946,1.1189026832580566
0.0,0.473662406206131,1.0749931335449219,-1.5697165727615356,0.6351194381713867,0.3808411955833435,0.17011879384517667,0.5121827125549316,-1.1015664339065552
0.0,0.6348059773445128,-1.0727243423461914,-1.4492467641830444,0.56923508644104,0.02552615664899349,0.7211847305297852,0.7579119801521301,-0.2077178061008453
0.0,0.9540008306503296,-1.0693353414535522,-0.6926156878471376,1.2567577362060547,0.8201636672019958,1.0584020614624023,0.4342663288116455,-1.5593446493148804
0.0,1.3783735036849976,-1.129334568977356,0.6462422013282776,0.5389232635498047,0.7016245126724243,-0.29074981808662415,1.5665603876113892,-1.4083893299102783
0.0,0.6402178406715393,-1.0833954811096191,1.3985990285873413,0.9836005568504332,-1.855396270751953,-0.7019848227500916,0.44804215431213373,-0.3887041509151458
0.0,1.4009833335876465,-0.48339894413948054,1.379823923110962,1.876887321472168,0.28230834007263184,-0.48432788252830505,0.5746620297431946,0.11547929048538208
0.0,0.9762477874755859,-0.8117738366127014,-0.8699409961700438,1.4987801313400269,0.2628045976161957,1.3634545803070068,0.7135481238365173,0.9358090758323667
0.0,0.4934282302856445,0.9845613241195679,1.2452726364135742,0.7747249007225037,1.8881289958953855,-0.5298720598220825,0.5525410771369934,-0.94088077545166
0.0,1.93357527256012,-0.3874011039733887,0.6199625730514526,1.1064804792404175,0.8440377116203309,-0.9098693132400512,1.718799352645874,-1.0980838537216187
0.0,0.7390608191490173,0.36957210302352905,1.6767189502716064,1.2055394649505615,0.4147542715072632,0.24939467012882233,0.3962008953094482,1.640697717666626
0.0,0.719651460647583,0.8207842111587523,-1.2387447357177734,1.0964194536209106,-0.1820456236600876,-0.09408000856637953,0.5825521945953369,0.6390809416770935
0.0,1.2426646947860716,1.2383993864059448,-0.4451488256454468,1.5155099630355835,1.3970379829406738,0.8931059241294861,0.8491356372833253,-1.6817493438720703
0.0,0.656952440738678,-1.2506277561187744,-1.1426218748092651,1.0863326787948608,1.0630152225494385,0.7339932918548584,0.2956595718860626,0.2164098173379898
0.0,0.4086425304412842,-0.8269817233085632,-0.8768435716629027,0.5627869963645935,-1.4999710321426392,1.661799073219299,0.3594968318939209,0.09328663349151613
0.0,0.8765289187431334,-0.9193753004074096,-1.3732186555862427,0.9853127002716064,1.9655259847640991,0.6832064390182495,0.4188896417617798,-1.084606051445007
0.0,0.6027168035507202,0.11921627074480055,1.1591613292694092,0.8892751932144165,-0.32184487581253046,-0.11321549117565156,0.9967761635780334,-0.6795085668563843
0.0,0.6767920851707457,1.779526948928833,-1.1478567123413084,0.8747161030769347,0.8621616363525391,0.8431361317634583,1.092750906944275,-0.8870411515235901
0.0,0.5693787336349487,1.3162258863449097,-1.6582854986190796,0.5249192714691162,0.17738601565361023,-0.710139274597168,0.4191325008869171,-0.5460767149925232
0.0,0.7247259616851807,0.2028459310531616,1.4270764589309692,1.15829861164093,1.0269981622695923,-0.4726715683937073,0.31308972835540766,1.5425555706024168
0.0,0.5571304559707642,-1.5422817468643188,1.3470282554626465,0.6576694846153259,-1.2313835620880127,1.0717129707336424,0.8050727248191833,-0.8092039823532104
0.0,0.7322880625724792,0.05331500992178917,-1.7114741802215576,1.2256059646606443,0.17520949244499207,-0.0758957788348198,0.4157917499542236,0.658094584941864
0.0,0.5233531594276428,-1.7194454669952393,0.5861673951148987,0.8033437132835389,-1.9377199411392207,-0.6569342017173767,0.6483893394470215,1.5085904598236084
0.0,0.46055734157562256,0.5295927524566649,-0.5674906969070435,0.6206761002540588,-0.18640112876892087,1.7001750469207764,0.2844822406768799,0.19888088107109067
0.0,2.272213697433472,0.6770460605621338,-0.25389519333839417,1.871090650558472,1.48876953125,-1.505558967590332,0.9226964712142944,1.3893429040908811
0.0,1.4996595382690427,-0.733716070652008,0.869930922985077,1.0412925481796265,-1.562374711036682,-0.35087531805038447,1.8938422203063965,-1.2428687810897827
0.0,1.0979896783828735,0.8192200660705566,1.3738490343093872,0.89489609003067,-1.0490987300872803,0.15922106802463531,0.9441218972206116,-0.7500934600830078
0.0,1.1339540481567383,-0.255532443523407,0.7797718048095702,1.194782018661499,1.107682228088379,-0.9264209270477296,0.5596342086791992,-0.5834084749221802
0.0,0.4746541380882263,-0.9394983649253843,-0.22240050137043,0.5937373042106628,1.6118799448013303,-1.2725433111190796,1.239825963973999,0.9363554716110227
0.0,0.6547716856002808,0.5620848536491394,-0.5753044486045836,0.5840041041374208,1.1885229349136353,0.9419604539871216,0.2845768630504608,-1.3852032423019407
0.0,0.3754890561103821,0.9741508364677427,-0.5229224562644958,0.46688446402549744,1.3887587785720823,1.4629358053207395,0.7845765948295593,0.5759358406066896
0.0,3.513858795166016,0.4825049936771393,0.6037883758544922,3.6299090385437007,0.3359426259994507,-0.9916339516639708,0.6529980301856995,-1.4173305034637451
0.0,0.5730108022689819,1.2145678997039795,1.1248139142990112,0.8784212470054625,-0.24403007328510284,-1.0544453859329224,0.3194018602371216,1.4295392036437988
0.0,0.6906622648239136,-0.1985824555158615,1.1735132932662964,0.9033049941062928,-0.38294783234596247,-0.47580525279045105,0.34874823689460754,0.4170853197574616
0.0,0.5496664047241211,1.5795830488204956,0.809657335281372,0.901560604572296,0.564206063747406,-1.0227940082550049,0.6031258702278137,0.4720332622528076
0.0,1.7527726888656616,-0.48674067854881287,-0.599336564540863,0.7168764472007751,-1.5322232246398924,1.2447494268417358,0.12565183639526367,0.16912029683589935
0.0,2.1243460178375244,0.38472533226013184,1.1786707639694212,3.328098773956299,0.773925542831421,-0.5550346970558168,0.45070907473564154,-0.01434014830738306
0.0,0.5678344368934631,1.7634317874908447,0.3752175569534302,0.5856777429580688,0.34728899598121643,-1.7317341566085815,0.4189785718917847,0.14714619517326355
0.0,0.44909200072288513,-0.6444632411003113,0.3330000638961792,0.55559104681015,-0.9640401005744934,1.5162457227706907,0.661848247051239,-1.4639896154403687
0.0,0.6501847505569458,1.1954455375671387,-0.5608034133911133,0.914829671382904,1.6573626995086668,-1.365730881690979,1.0216175317764282,0.934042990207672
0.0,1.197960615158081,-0.3017927706241608,1.2952144145965576,2.000746488571167,-1.6098756790161133,-0.5787857174873352,0.9339866638183592,1.2774854898452759
0.0,0.9655769467353821,0.23831059038639069,-1.453692078590393,0.6358544230461121,-0.8739067912101746,0.9544597864151002,1.3045320510864256,0.0955875888466835
0.0,0.5813494920730591,-0.5608344078063965,-1.3621579408645628,0.91691255569458,-1.709622859954834,0.5055042505264281,0.43552622199058527,-1.6029351949691772
0.0,0.5870019197463989,0.19437037408351895,-0.04189597815275192,0.759795069694519,1.0399236679077148,1.3663750886917114,0.507626473903656,-0.7158193588256836
0.0,0.7147756218910217,-1.8332124948501585,-0.9789912104606627,0.6635218262672424,1.5371437072753906,0.5021430850028992,0.7864351272583008,-1.6900556087493896
0.0,0.5406173467636108,-1.751349687576294,-0.33020657300949097,0.8787405490875245,-1.031444430351257,-1.307253360748291,0.6559818983078003,0.46708974242210394
0.0,0.5469827651977539,-0.32292574644088745,-1.589855670928955,0.8958218693733214,-1.6827006340026855,0.9042967557907104,0.10518532246351242,0.19038794934749603
0.0,0.7303249835968018,0.9089716076850893,0.7640725374221802,0.973093807697296,0.41281828284263605,-0.9134026765823363,0.42044940590858454,0.3568069636821747
0.0,0.51234233379364,-1.5381948947906494,-0.24273228645324707,0.7466375231742858,-1.9238139390945437,-0.9351881742477418,0.7681076526641845,0.6449533700942993
0.0,0.6866723895072937,0.46744930744171137,1.554277777671814,0.6857526302337646,0.7608500123023987,-0.7633056044578552,0.8856195807456969,0.3515940904617309
0.0,0.6704546809196472,0.672919750213623,1.288692831993103,0.9728302359580993,-0.31557154655456543,0.5551599264144897,1.2754114866256712,-0.6164959669113159
0.0,0.5834181904792786,-1.2168651819229124,-0.004377704113721848,0.5881699919700624,0.17273229360580444,1.40796959400177,0.6299045085906982,-0.3723938465118408
0.0,1.5208690166473389,2.0757131576538086,-1.6341539621353147,0.9817169308662415,1.528658390045166,-0.29637286067008967,1.2213661670684814,0.5118393301963806
0.0,0.7021849155426024,0.7784896492958068,-1.2335870265960691,0.5777381658554077,0.3999882340431213,0.01498929876834154,0.3361547589302063,1.3846073150634763
0.0,0.6533050537109375,0.9946438074111937,-1.075412392616272,0.879743456840515,0.2881582379341125,1.2206947803497314,0.6049524545669556,-0.4787061214447021
0.0,0.35329166054725647,-0.9811656475067138,0.659959077835083,0.5575218200683594,-1.198052167892456,-1.5026274919509888,0.10661467909812929,1.3419992923736572
0.0,1.1192805767059326,-1.7913519144058228,1.7143961191177368,0.8069652915000916,-0.7754242420196533,0.12834373116493225,1.0815805196762085,-0.3171142041683197
0.0,0.5807574987411499,1.6597472429275513,-0.160737007856369,0.8089046478271484,-0.5129436850547792,1.5437067747116089,0.4166947305202484,-1.6547162532806396
0.0,1.8398131132125852,0.4828018844127655,0.7766904234886169,2.34352970123291,1.305158257484436,-0.9376063346862794,0.3910745680332184,1.4749344587326048
0.0,0.44922697544097906,-0.5572857856750488,0.249042809009552,0.595496654510498,-0.2280217558145523,-1.5831553936004639,0.4246977865695953,-0.6579892635345458
0.0,0.947877287864685,1.8328492641448972,0.9823551774024963,0.5979610085487366,1.652493953704834,1.4280492067337036,0.3909046649932861,-1.6121081113815308
0.0,1.0019067525863647,-0.43142879009246826,1.1685322523117063,1.3783025741577148,-1.3175872564315796,0.012203556485474108,1.164139747619629,-1.1996867656707764
0.0,0.8087923526763917,-0.8691980838775634,-1.522530436515808,1.0936635732650757,-1.3717446327209473,0.34860214591026306,1.0145323276519775,-0.433596134185791
0.0,1.0401868820190427,1.1553423404693604,-0.39636558294296254,1.5786644220352173,1.2743312120437622,-1.6398662328720093,0.7482248544692993,1.60463547706604
0.0,0.9774968028068542,1.7789130210876465,-1.2629370689392088,1.522528052330017,0.26556602120399475,0.48825967311859125,0.2424660325050354,-1.2152175903320312
0.0,1.1452043056488037,-0.12490837275981904,1.3538038730621336,1.7771704196929932,-0.4788189828395844,-0.6332219243049622,0.595748782157898,0.7266097068786621
0.0,1.2563235759735107,-0.6779693961143494,0.23290614783763883,1.7081402540206907,0.3120405375957489,-1.6936786174774168,0.973936915397644,-1.2054653167724607
0.0,0.6158447861671448,0.6981437206268312,-1.5707989931106567,0.9227027297019958,1.4974360466003416,0.2871482968330384,0.29598909616470337,-0.3953001499176025
0.0,0.4628577828407288,1.6998924016952515,-0.9942708015441895,0.7082919478416443,1.644494652748108,0.4700627326965332,0.4034354090690613,1.3193485736846924
0.0,0.6366214156150818,-0.07050003856420517,0.948079526424408,0.61235511302948,1.895584344863892,-1.4934847354888916,0.791288912296295,-0.5534834265708923
0.0,0.3485507369041443,-1.039180278778076,1.101488709449768,0.5765253305435181,0.7493858337402343,-0.20717479288578036,0.4751092791557312,-1.2961952686309814
0.0,1.4466868638992307,-1.634244084358215,-1.701677918434143,1.35235595703125,-0.363975465297699,-0.40287125110626226,0.4077077507972717,0.484983503818512
0.0,1.0230882167816162,-1.7421753406524658,1.493424415588379,1.337799072265625,-0.6551229953765869,0.12392257899045944,0.8809505105018615,-0.8160533308982849
0.0,1.2175265550613403,-0.05593415722250938,-1.0194349288940427,1.3825284242630005,0.1608455181121826,0.5692437291145325,0.9390093088150024,1.6310170888900757
0.0,1.0976459980010986,-1.061001896858215,-1.3590600490570068,1.0016483068466187,-0.7864937782287597,0.34380170702934265,0.6287095546722412,0.23967982828617093
0.0,0.7106941342353821,-0.2569292187690735,-1.2199254035949707,0.8766812086105346,-1.0111538171768188,0.3799620568752289,0.8815194964408873,1.3323020935058592
0.0,0.8144957423210144,-0.8869329690933228,1.3448580503463743,1.2372655868530271,-1.1573641300201416,-0.4801954627037048,0.13104611635208127,0.19031013548374176
0.0,0.9493274092674256,0.49195352196693426,1.6460824012756348,1.0602574348449707,-1.1680901050567627,-0.4124433994293213,0.6557629704475403,0.9770595431327821
0.0,0.4538494944572449,1.9806984663009644,-0.6746413111686707,0.5202733874320984,1.3835686445236206,1.2648289203643799,0.18752340972423556,0.5403514504432678
0.0,0.5011914372444153,1.181469440460205,1.6789554357528687,0.6281742453575134,1.02938711643219,-0.5302563309669496,0.413730263710022,1.062391757965088
0.0,1.0949724912643433,0.1772090047597885,1.2368791103363037,1.4903841018676756,-0.15431776642799375,-0.17024263739585876,0.7985234260559082,-0.8236145973205566
0.0,0.501873791217804,0.7317407131195068,1.4242324829101562,0.8224436044692993,-0.7043349742889404,0.9120647311210632,1.1268599033355713,-0.4516825377941132
0.0,0.5521870851516724,-1.475294589996338,-0.03489673137664795,0.8221307992935181,0.5362170338630676,1.725725769996643,0.26761075854301447,-0.21370501816272733
0.0,0.4519831836223602,1.726574420928955,-0.5151942968368529,0.6678419709205627,1.9386780261993408,-0.999236226081848,0.19903026521205905,1.0097496509552
0.0,0.31430622935295105,-0.6757872104644775,-1.600182056427002,0.4689502120018005,-0.45913976430892944,0.8986930847167968,0.3091161549091339,-0.6402119994163513
0.0,1.1020139455795288,1.0019766092300415,0.5485067367553711,1.0141116380691528,0.8161846399307251,-1.7070170640945435,1.0076433420181274,1.4957638978958128
0.0,0.7280601263046264,1.8663175106048584,0.6031588315963745,0.9962738156318665,1.1831599473953247,-1.708673357963562,0.023632492870092392,0.8083434104919434
0.0,1.3530011177062988,-0.49002280831336975,-1.4263079166412351,1.8928586244583128,-1.112219214439392,0.19254253804683685,0.5560848116874695,-1.3469220399856567
0.0,0.4474051892757416,0.7216035723686217,0.043999828398227685,0.4889266192913056,0.6602427959442139,0.6322373151779175,1.0377672910690308,-1.6602410078048706
0.0,0.6360713839530945,-1.03706955909729,0.3757460117340088,0.8338205218315123,-1.961865782737732,-0.5972808003425598,0.2750972807407379,1.2691736221313477
0.0,0.5871585011482239,0.40495014190673834,0.07259882241487503,0.6371166706085205,-0.606367290019989,-1.2890232801437376,0.4873789250850677,1.0366944074630735
0.0,0.486968606710434,0.131822407245636,-0.12769946455955505,0.4968790113925934,-0.24259415268898007,-1.5370612144470215,0.6700074672698976,0.8437600135803223
0.0,1.014390468597412,0.9377645254135133,1.5121387243270874,0.9625205397605897,1.940712809562683,-0.48973947763442993,0.1527383178472519,0.5917593836784363
0.0,0.4568183124065399,0.3380202054977417,1.4833409786224363,0.6140716075897217,-0.36346304416656494,0.5903446674346924,0.9382442235946656,-0.8631319999694824
0.0,1.5642045736312866,1.3635019063949585,0.6334088444709778,1.5304205417633057,0.210036963224411,-1.4173238277435303,0.7345800995826721,-1.1377449035644531
0.0,0.4746604859828949,1.218621015548706,-0.02328201755881309,0.6776694655418396,0.8475059270858765,-1.421298861503601,0.4347428977489472,0.8598374128341674
0.0,0.9760836362838744,1.810245513916016,1.1793720722198486,0.793936252593994,-0.9698232412338256,-0.6243773698806763,0.1334838420152664,0.4826930165290833
0.0,0.7130441665649414,0.07975726574659348,-0.7149304747581482,0.6364844441413879,0.9944740533828736,1.5647801160812376,0.42313688993453974,0.5856055021286011
0.0,0.6162890791893004,0.41447854042053217,0.35324627161026,0.7160279154777527,-0.04272790253162384,-1.1678614616394043,0.32016009092330927,-0.6188250780105591
0.0,0.5610273480415344,-0.8625632524490355,-0.18697021901607516,0.6403674483299255,-1.2753092050552368,1.4044197797775269,1.0394855737686155,0.5183519721031189
0.0,0.4249989986419678,-0.23452392220497129,1.2431191205978391,0.6531693339347839,0.2031976878643036,-0.3457756042480469,0.9299229979515076,-1.5407229661941528
0.0,1.421594500541687,1.0307106971740723,1.5848866701126099,1.53633713722229,1.2247129678726196,-0.7462128400802611,0.8450058698654176,-1.1269879341125488
0.0,1.1304366588592527,-0.3062109351158142,-0.10592420399188995,1.646173119544983,-0.6635785698890686,1.439621090888977,0.31745442748069763,-0.6462333798408508
0.0,0.4369710683822632,1.5905821323394775,1.689265251159668,0.633514404296875,0.42929944396018976,-0.7085492610931396,0.8800748586654662,0.7797926664352418
0.0,0.7218272089958192,-1.9641342163085935,-1.0866222381591797,0.9776496887207032,-1.3185099363327026,1.1769967079162595,0.48314306139945984,-0.006410343572497368
0.0,0.539876401424408,1.1289713382720947,0.7106518149375916,0.5488001108169556,2.0217347145080566,1.0630615949630735,0.8919168710708617,-1.1021459102630615
0.0,1.448647379875183,-0.043277576565742486,-1.470948576927185,2.048628330230713,-1.7995253801345823,0.346797913312912,0.29613617062568665,0.9573946595191956
0.0,1.080540895462036,-0.4665091633796692,-1.3820650577545166,1.125436782836914,0.23019316792488095,0.7397846579551696,0.8709726333618163,0.3744672536849976
0.0,0.6634616851806641,-0.14023317396640775,-1.5238611698150635,0.7222874164581299,-1.7198462486267088,-1.4739131927490234,0.8051149249076843,0.7069117426872252
0.0,0.6857507228851318,-1.1262651681900024,-0.6455619931221008,0.6624653339385985,-0.30820006132125854,1.0278990268707275,0.508882999420166,0.452891081571579
0.0,0.5722495317459105,-1.3059178590774536,0.3199408948421478,0.4557605087757111,-1.5350983142852783,0.5914046764373779,1.164219617843628,1.70138680934906
0.0,0.4845255613327026,-1.1532500982284544,-1.214999794960022,0.8044130206108093,-1.2282036542892456,0.7635301351547241,0.14214704930782318,1.6012024879455566
0.0,1.5494369268417358,-0.4909578859806061,1.5114539861679075,1.8697965145111084,0.6979041695594788,-0.20650014281272888,0.6897807717323303,0.24854032695293424
0.0,1.1019412279129028,-1.1239694356918335,1.6236461400985716,1.0886727571487427,-1.6026015281677246,-0.3429594039916992,0.2654615044593811,0.03824210539460182
0.0,0.6318880915641785,1.8628865480422971,-1.4856427907943723,0.9786911010742189,1.036117672920227,0.12052004039287569,0.4700821340084076,0.7678932547569275
0.0,0.727656602859497,-0.6891409158706665,0.0858529433608055,1.1861053705215454,0.06946161389350891,0.8544484972953795,0.7916594743728637,-1.141586184501648
0.0,1.0637247562408447,-0.9757753610610962,-1.1967107057571411,1.6937396526336668,-1.4467197656631468,0.42045512795448303,0.18483142554759976,-1.3123830556869507
0.0,0.6513305306434631,-0.4978105127811432,-0.6045494675636292,0.7105891108512878,-0.7984217405319213,1.6071419715881348,0.3741495013237,0.9190804362297058
0.0,0.8449414372444154,0.22380569577217105,1.0818686485290527,1.0758901834487915,1.851667046546936,-0.31401050090789795,0.4490181505680084,-1.038862943649292
0.0,0.6906737089157104,-2.012856721878052,1.1677591800689695,0.4957282543182373,0.4755054414272308,1.0119324922561643,0.8296097517013549,-0.3051844835281372
0.0,0.5947778820991516,0.5305253267288208,0.6578496098518372,0.8406028151512147,-0.9989532232284544,-1.5322194099426267,1.126642107963562,-1.1340967416763303
0.0,1.0054191350936887,1.8143827915191648,-0.12448947131633759,1.3534680604934692,-0.3401763439178467,1.7010307312011719,0.9679930806159971,-0.9628416895866394
0.0,0.6057670712471008,0.9897329211235046,-1.684139847755432,0.5815954804420471,1.9504090547561643,-0.2047235071659088,0.29069173336029047,0.1821555197238922
0.0,0.8080348968505859,0.6135175824165344,-0.7170454263687134,0.7855445742607117,-0.6533542275428772,0.5747259855270386,0.943009078502655,-0.08673442155122757
0.0,0.6208683252334595,-0.7300825119018554,-0.2313893437385559,0.5470471382141113,-1.6394340991973877,0.9351145625114442,0.5831086039543152,-1.4540936946868896
0.0,1.3629437685012815,-0.48901203274726873,1.2375307083129883,1.7358782291412351,-2.017143726348877,-0.7703889608383178,0.2805086672306061,-1.2980387210845947
0.0,2.349464178085327,-1.105746865272522,0.24345500767230988,2.5196785926818848,0.35215523838996887,-1.43324613571167,1.1356462240219116,-1.511940360069275
0.0,0.5045090913772583,1.3540753126144407,0.3616746366024017,0.583080530166626,1.1042139530181885,-0.6487080454826354,0.4537385702133178,1.5472192764282227
0.0,0.5063092112541199,1.1457223892211914,1.6259820461273191,0.5222727656364441,0.033396199345588684,-1.5473301410675049,1.12336528301239,-0.3389138877391815
0.0,1.2504266500473022,-0.6865777969360352,-0.21459779143333435,0.5561395883560181,-0.8242556452751159,0.9436553716659546,0.6606897711753845,1.5952363014221191
0.0,0.443392425775528,1.8968931436538696,0.32527410984039307,0.738286554813385,-0.5080568790435791,-1.2990106344223022,0.6279764175415039,-1.3871957063674927
0.0,1.9787312746047971,1.5570213794708252,0.12355334311723708,2.825153112411499,0.5627076029777527,-1.5279021263122559,0.2892721891403198,-0.44091954827308655
0.0,0.524445414543152,-1.3565071821212769,1.4544494152069092,0.5711658000946045,-1.2284591197967527,0.7478728294372559,0.4115889370441437,-1.1868932247161863
0.0,2.0796098709106445,-1.3462227582931519,-0.5507510304450989,0.7156679034233093,-0.9369695782661438,1.6474833488464355,2.0379400253295894,1.0431296825408936
0.0,0.448544591665268,1.3355753421783447,0.8047261238098145,0.5284229516983032,0.6156119704246521,1.1846818923950195,0.7500481009483337,-0.6302056312561035
0.0,0.3685533404350281,-1.2882418632507324,0.10006127506494522,0.44715660810470576,0.3637232184410095,-1.6126645803451538,0.9328727722167968,1.0884532928466797
0.0,0.5606275796890259,1.5146141052246092,0.7044891715049744,0.8373498916625975,0.951537013053894,1.1274300813674927,0.7303454279899597,-1.263300895690918
0.0,0.6961262822151184,-1.4876223802566528,-1.5469435453414917,1.1463217735290527,-1.974939584732056,0.08668237179517747,0.4463956952095032,-0.0810689702630043
0.0,0.48474073410034174,1.0910629034042358,-0.9697803258895874,0.5901886224746704,-0.777542233467102,-1.4264774322509763,0.355335146188736,0.4452922344207764
0.0,0.8134187459945679,1.4501832723617551,-0.9265313148498536,1.227140188217163,1.545134663581848,1.0557630062103271,0.3159128725528717,0.40016183257102966
0.0,1.0828465223312376,-1.7169227600097656,0.16097266972064972,0.597637414932251,1.1725987195968628,-0.8529542088508606,1.0564607381820679,1.2117739915847778
0.0,1.5555858612060547,-0.967483937740326,1.4890563488006592,2.455347776412964,-1.1366122961044312,-0.35490888357162476,1.003358483314514,0.39457532763481135
0.0,1.595662236213684,-2.075807571411133,0.5645208358764648,1.5608587265014648,-1.805712342262268,-0.8443028926849365,0.8099470734596252,-1.494014024734497
0.0,0.703680694103241,0.8128947615623474,-0.9521206617355346,1.1261075735092163,0.09561525285243987,0.6966553330421448,0.3670494854450226,-1.1378884315490723
0.0,0.4474701285362244,-1.8811277151107788,0.7579153776168822,0.44653090834617615,0.17696504294872284,-1.3175443410873413,0.4660435616970062,1.2151683568954468
0.0,1.3421034812927246,0.9758663177490233,-1.1282477378845215,1.8870898485183716,1.7329638004302979,0.4765641987323761,0.22038613259792328,1.5934369564056396
0.0,0.6338359117507936,0.03173751011490822,-1.715118646621704,0.5172411799430847,1.4142721891403198,-0.2191965728998184,0.8894414901733398,0.980006754398346
0.0,0.8637332916259765,-2.016237258911133,-1.1767923831939695,1.0665234327316284,-0.6160289645195007,0.9927805066108704,0.6261634826660156,0.24809271097183228
0.0,3.57343864440918,0.2570949196815491,-1.2020890712738037,5.3817758560180655,-0.8766336441040038,0.6332476139068604,0.49495780467987055,-0.7151956558227539
0.0,0.6769461035728456,0.6078363656997681,-1.684421420097351,1.1295597553253172,0.6989842057228088,0.9401827454566957,0.3476627767086029,-0.1313355267047882
0.0,0.5198331475257874,-0.26498350501060486,-1.445685029029846,0.5491665005683899,-0.5315190553665161,0.09796711802482606,0.6793251633644104,1.2030260562896729
0.0,0.6768569946289064,1.7741450071334839,-1.7125895023345947,0.5502058267593384,0.9080231785774232,0.1606736183166504,0.40185853838920593,-0.4599336981773376
0.0,0.8462920784950256,1.1270877122879028,-1.39685320854187,1.3696365356445312,0.8530337810516356,0.42610636353492737,0.30082467198371887,-1.437574863433838
0.0,0.6599466800689697,-0.09997950494289398,0.6949911713600159,0.6335615515708923,-1.3120430707931519,-1.368320107460022,0.6344128251075745,0.3748872876167297
0.0,0.473210483789444,1.6255306005477903,1.172309398651123,0.5643941760063171,1.09180748462677,-0.27504223585128784,0.5181015133857727,1.6374415159225464
0.0,0.44751212000846863,-0.722141683101654,0.561168909072876,0.5834019780158997,-1.0985273122787476,-0.8920035958290099,0.4469156563282013,-1.3919918537139893
0.0,0.853451907634735,0.2718874216079712,-1.6923235654830933,0.5172882676124573,-0.6231689453125,-0.4822260737419128,0.3093031346797943,0.2489493042230606
0.0,0.545595109462738,1.628347635269165,0.7222482562065123,0.8613185882568358,1.5232789516448975,1.5950567722320557,0.605754017829895,-0.5222387313842772
0.0,0.8565595149993896,1.8107330799102783,-0.2926602363586426,1.0160166025161743,0.46490463614463806,-1.714575171470642,0.4770305156707764,0.4233937859535217
0.0,0.8471106886863708,-0.5780075192451477,-0.3565855920314789,1.0914371013641355,1.148971676826477,1.160688042640686,0.27154898643493647,-0.494069904088974
0.0,0.8399330973625182,1.092105746269226,1.522995114326477,1.1514241695404053,0.932094931602478,-0.06958538293838501,0.7190369963645935,-1.0182433128356931
0.0,0.9334456920623779,-0.044707298278808594,-0.9379510283470154,1.1475517749786377,1.0614993572235107,1.3671479225158691,0.9467876553535459,0.1473007500171661
0.0,0.5744150280952454,0.6652766466140747,-0.909810483455658,0.5137374401092529,-0.08823569118976593,0.20289368927478793,0.6815758943557739,0.9570303559303284
0.0,0.37795117497444153,1.7610604763031004,0.4470168352127075,0.5394954681396484,1.939996123313904,0.22127336263656616,0.2823660373687744,-1.4179264307022095
0.0,0.38549160957336426,1.1029114723205566,-1.6456011533737183,0.4709731638431549,-0.6011335849761963,-0.11188715696334837,0.31967893242836,0.7209249734878541
0.0,0.5974195003509521,-1.6517432928085327,-0.06370066106319427,0.9416655898094176,-1.9401665925979612,1.5443748235702515,0.22757165133953092,-0.16771580278873444
0.0,0.6872695088386536,-0.5370618104934692,-0.3680869936943054,1.1100183725357056,1.4428749084472656,1.496204853057861,0.5126456618309021,0.8067428469657899
0.0,0.7321594953536987,0.3576378524303436,-0.6028209924697876,0.8557661771774293,-1.0278278589248655,-1.7153646945953367,0.6602884531021118,0.6755572557449341
0.0,0.6295634508132936,-1.6931837797164917,0.47812774777412415,1.0301856994628906,-0.9043631553649902,-1.597564935684204,0.38804736733436573,1.7380011081695557
0.0,0.5521221160888672,0.2359695136547089,-1.0309430360794067,0.6794930696487427,0.8509824275970459,0.5952030420303345,0.35327935218811035,0.6858780980110168
0.0,0.31921902298927307,1.0718481540679932,1.0763134956359863,0.46449080109596247,1.336166501045227,-1.5779160261154175,0.6523549556732178,-0.37346014380455017
0.0,0.5771151781082153,-0.8842083215713502,-1.3581323623657227,0.5328845381736755,0.3883848488330841,0.415630966424942,0.16390995681285858,1.3512052297592163
0.0,0.39429748058319086,-0.03722577914595604,0.6878732442855834,0.48006558418273926,-0.18826705217361447,-0.648697018623352,0.29984864592552185,-0.5185877680778505
0.0,0.3754457533359528,-1.8020987510681152,-1.0382819175720215,0.5655320882797241,1.85400652885437,-0.34328731894493103,0.03199252113699913,-0.7236124277114867
0.0,0.4541907012462616,0.2206093668937683,0.8699088096618652,0.4864001274108887,1.3560203313827515,-0.582815945148468,0.11265702545642851,1.3122729063034055
0.0,0.5348210334777832,0.5358315110206604,0.08431283384561537,0.761128008365631,-0.6935562491416931,1.709102153778076,0.3831616044044495,1.038913011550903
0.0,0.5722177028656006,1.0726637840270996,-0.632927417755127,0.47895768284797674,1.7749948501586914,1.6149818897247314,0.5660455822944641,0.6166123151779175
0.0,0.656109631061554,-0.7828203439712524,-1.6053175926208496,0.9512165784835817,0.07834699749946594,-0.17683517932891843,0.10053207725286484,-0.5748261213302612
0.0,0.38764947652816767,-1.977588891983032,-1.274638295173645,0.5543867349624634,-1.876947283744812,-0.4927483797073364,0.6079534292221069,1.0840435028076172
0.0,1.0746172666549683,0.32367923855781555,-0.8564726710319518,1.2017766237258911,1.4339118003845215,1.1495578289031982,0.29494693875312805,-1.169888615608215
0.0,1.6614930629730225,1.19240140914917,-0.9217712879180909,1.3221813440322876,0.4774520993232727,0.9444670081138611,0.8128944635391235,1.110011339187622
0.0,0.40483602881431574,1.3288984298706055,0.5968581438064575,0.4395363628864288,1.8930306434631348,-0.0948021411895752,0.8575605154037476,-1.298309087753296
0.0,0.5387115478515625,1.3622153997421265,1.408069372177124,0.8041087388992308,1.3502867221832275,0.0012340741232037544,0.5369249582290649,-1.4341861009597778
0.0,0.48417928814888,0.7145591974258423,-0.10131050646305084,0.4618528485298157,-0.11423765867948532,0.39878943562507624,1.2994810342788696,-1.4674282073974607
0.0,0.443226933479309,-1.5559802055358887,1.723888635635376,0.5494408011436462,-1.8164712190628047,-1.6248879432678223,0.3468817174434662,0.6472879648208617
0.0,0.44228866696357727,1.5335766077041624,0.5532171130180359,0.4997248351573944,0.32750841975212097,-1.5666533708572388,0.5028205513954163,-0.42406779527664173
0.0,0.7371003031730653,-0.3490411639213562,-1.272390842437744,0.9300101399421693,-0.8354101181030273,-0.20993413031101224,0.8141430020332336,-0.030432172119617466
0.0,0.5426402688026428,-1.9555990695953367,1.221130132675171,0.5843276977539064,0.6567440629005432,-1.455224871635437,1.5450221300125122,-0.5847495794296265
0.0,1.530608057975769,-0.2213115096092224,0.16481328010559082,2.3152215480804443,0.9168379306793213,-1.4854518175125122,0.2772442698478699,-1.4663132429122925
0.0,0.5918014645576477,0.48964187502861023,-1.532287836074829,0.6153744459152222,0.21347145736217496,0.32567599415779114,0.9976198673248291,-0.012282153591513632
0.0,0.3703738152980805,0.5673447847366333,-0.18035808205604556,0.5054121613502502,-1.4108592271804807,1.3266521692276,0.2866862416267395,1.3478937149047852
0.0,0.5636193156242371,0.1607128083705902,1.3468018770217896,0.4436550736427307,1.6449724435806274,-1.278136134147644,0.6908126473426819,-0.4081990420818329
0.0,0.763398289680481,0.854261815547943,-0.20239730179309845,0.7834637165069581,1.715861678123474,0.7026841640472412,0.23970334231853485,-1.7168843746185303
0.0,0.5783488154411316,0.7946990132331848,-1.0677311420440672,0.7540841698646545,1.7175009250640867,-0.4375425577163696,0.8609503507614135,1.4098522663116455
0.0,0.5822927951812744,-1.6720850467681885,0.45507687330245966,0.7098820209503174,-0.244494691491127,-1.5314024686813354,0.3109632730484009,0.37685927748680115
0.0,0.46836003661155695,0.20309315621852875,-0.015927975997328758,0.4481123685836792,1.7969081401824951,-1.2565823793411255,0.08522791415452957,0.9463728070259094
0.0,0.5395199656486511,-0.5216898918151855,-0.993972599506378,0.6197546124458313,0.3259275257587433,0.9849628806114196,0.5812695026397705,-1.2615237236022947
0.0,1.3798121213912964,1.8763244152069087,-1.6954877376556396,0.8944867849349974,-0.3108305037021637,0.34835588932037354,0.7199263572692871,-0.25033697485923767
0.0,0.5417605638504028,0.8798255920410156,-0.5698320865631104,0.5481635928153992,0.8755980134010315,-1.4863020181655884,0.6732581853866577,-0.02163839340209961
0.0,0.9028294682502745,-0.3441176116466522,-0.19301140308380127,1.2470138072967527,0.2216312885284424,1.3069921731948853,0.9411219954490659,-1.2098364830017088
0.0,0.46938106417655934,1.1899038553237915,0.7437788248062133,0.4800548851490021,1.1619632244110107,-1.6025172472000122,0.3443596065044403,1.6333296298980713
0.0,0.8930293321609497,-0.4448775053024292,-0.008095775730907917,1.154428482055664,-1.3752622604370115,1.5892819166183472,0.35411739349365234,0.866443932056427
0.0,0.5103397965431212,-1.8763935565948489,0.9016718864440917,0.7753720879554749,0.8839926123619078,0.1749589890241623,0.9425130486488342,-0.9800174236297609
0.0,0.6742420792579651,-1.8306392431259155,0.32588598132133484,0.5784475207328796,-0.816369354724884,-0.4980567395687103,0.29661959409713745,1.7167468070983887
0.0,0.6782726049423218,1.5052294731140137,-0.45102819800376887,0.8190964460372925,1.238882541656494,-1.2295907735824585,0.8925930857658385,0.7420082688331603
0.0,1.643440842628479,1.3788150548934937,-1.1742466688156128,2.648082733154297,1.8465594053268433,0.5380274057388306,0.35039010643959045,-1.6228539943695068
0.0,1.4699841737747192,0.9464763998985289,1.7207134962081907,0.7552263736724852,1.369226098060608,-0.5437129735946655,0.9185073971748352,-0.1852684915065765
0.0,0.812754213809967,1.6104949712753296,-0.16452735662460327,0.7654739022254944,-0.12684117257595062,-1.6906421184539795,0.2127445489168167,0.6853151917457581
0.0,0.8133385181427003,1.5937693119049072,1.0514365434646606,0.5708808302879332,0.08935098350048065,-1.062042236328125,0.2696437239646912,0.6367352604866028
0.0,0.7702232003211974,-0.9932579398155212,0.20044566690921783,1.0920864343643188,0.5140227675437927,-1.5279517173767088,0.45147982239723206,-1.5500999689102173
0.0,0.525307297706604,0.7457225918769836,-0.4806713163852692,0.704685389995575,0.20484201610088348,0.052934911102056496,0.7116212248802185,1.56805419921875
0.0,0.7593549489974974,-0.4118489623069763,0.9384766221046448,0.8972940444946289,-1.6064651012420654,-1.581593036651611,1.17897367477417,-0.4325221180915833
0.0,0.4575185179710388,1.2067306041717527,-0.9946187138557434,0.5624976754188538,-0.5212593078613281,0.37926417589187617,0.36315688490867615,1.221344232559204
0.0,0.6944292783737184,-2.0931975841522217,-1.1508992910385132,0.8769168853759765,-1.71225905418396,1.512309432029724,1.069159150123596,0.20710501074790957
0.0,0.5607433915138245,1.4739727973937988,0.8233355283737183,0.9005020260810851,0.7249284982681273,-1.0843907594680786,0.412583202123642,-1.6414867639541624
0.0,0.4245356023311615,1.3302018642425537,-0.1969955861568451,0.47171029448509216,0.30359894037246704,1.178062319755554,0.5736165046691896,1.364832043647766
0.0,0.4880927205085754,-1.623446702957153,1.3831151723861694,0.6697084903717041,0.9458361268043518,0.34877052903175354,0.48069852590560913,-0.3668889999389648
0.0,0.6681466102600098,0.4484900832176208,-1.571091651916504,0.8227800726890565,-1.123612403869629,0.5315789580345154,0.5839386582374573,1.3901320695877075
0.0,0.6191789507865906,-0.13458223640918732,1.4807236194610596,0.48448216915130615,-0.471476286649704,-1.2364864349365234,0.4610928297042847,-0.4928799569606781
0.0,1.0199105739593504,0.4133348762989044,0.7735318541526793,1.4954715967178345,-1.5562373399734497,-1.1350561380386353,0.37545841932296753,0.008713218383491038
0.0,1.225308895111084,-1.6871039867401123,-1.4496718645095823,1.1421388387680051,-0.6844614148139954,0.6225094795227051,0.6274017691612244,-0.10694678872823717
0.0,0.35696321725845337,1.676414132118225,-1.2316433191299438,0.5378325581550598,1.7475454807281494,0.39378640055656433,0.6953756809234619,0.2591366171836853
0.0,0.5379082560539246,1.7192922830581665,0.5473073720932007,0.8676444888114929,1.199973940849304,-0.7055127024650574,0.9566411972045897,-1.3428599834442139
0.0,0.836411714553833,-1.272533655166626,1.2029625177383423,1.00058114528656,0.6771268248558044,-0.6121982932090759,0.48870608210563654,-0.07914387434720993
0.0,0.4192256033420562,1.0648853778839111,0.08768738061189651,0.5164247155189513,1.6646617650985716,-0.1182483583688736,1.1341696977615356,1.6492691040039062
0.0,0.4847216010093689,-0.7541165947914124,-0.8261508345603943,0.7153828740119934,-0.26421675086021423,1.6466662883758545,0.978289008140564,0.004223534371703863
0.0,0.5185077786445618,0.270018070936203,0.13726744055747983,0.6269549131393433,0.6254416704177856,-0.5029802918434143,0.5657274723052979,-1.3580323457717896
0.0,0.6060585975646973,-0.6314534544944763,-1.0560629367828367,1.008216381072998,-0.7246065735816956,0.9004929065704346,0.6053526401519775,0.8708151578903198
0.0,0.3895081877708435,-1.8526375293731687,0.5780167579650879,0.5222770571708679,-1.132221221923828,0.08142260462045668,0.9187673926353455,-1.6818431615829468
0.0,1.4130775928497314,-1.5853785276412964,1.0188671350479124,2.124676465988159,-1.9130055904388428,-0.8317925333976746,0.463191956281662,-0.6365968585014343
0.0,0.9826412796974182,-1.9097524881362915,0.7091608643531799,0.8913773894309996,-1.4655932188034055,-0.7459202408790588,0.5343116521835327,0.9600548744201661
0.0,0.92035973072052,1.4912871122360227,-0.1250372529029846,1.0325429439544676,0.3901667594909668,-1.327222466468811,0.8086313605308532,1.2024301290512085
0.0,1.6234025955200195,-0.5254201889038086,-1.3005976676940916,2.335257768630981,1.3612022399902344,0.51630038022995,0.5743712782859801,-0.017262062057852745
0.0,0.9599601030349731,-0.05711429193615913,1.005332589149475,0.5353317856788635,1.3908182382583618,0.4651679396629333,1.5486594438552856,-0.6857618093490601
0.0,0.4758215546607971,1.1636168956756592,0.47644847631454473,0.7513734102249146,0.6760311126708984,-1.0188685655593872,0.9664104580879213,1.0195406675338743
0.0,0.9066347479820253,-1.5724788904190063,0.8211984634399414,1.192568302154541,-0.7135740518569945,-0.9641453623771667,0.4340599477291107,-1.255667805671692
0.0,0.9834725856781005,-0.32148611545562744,1.3238354921340942,1.5271418094635008,-1.8283671140670776,-0.3363911807537079,0.8619365692138672,-0.6841281652450562
0.0,0.8915678262710571,-0.21910829842090607,-0.26983025670051575,0.96533203125,0.10857793688774107,-1.2497531175613403,0.7823771238327025,1.297602891921997
0.0,0.6192018389701843,-0.41271340847015375,1.4829599857330322,0.45302397012710566,-0.14538434147834775,-1.6934577226638792,0.6239333152770996,-0.3155401349067688
0.0,0.6143896579742432,-1.78533935546875,-0.1008416786789894,0.9665920734405516,0.23820638656616208,0.7804903388023376,0.8810873627662658,-1.6305919885635376
0.0,0.7441684007644653,1.9846088886260984,1.7284002304077148,1.0412282943725584,1.4661723375320435,-0.2778584659099579,0.3956684172153473,-1.4434472322463987
0.0,0.6729843020439148,-0.12852010130882263,0.1944851279258728,0.9609391093254088,-0.08517687022686003,-1.3482460975646973,0.5906566977500916,-1.4052269458770752
0.0,0.6790708899497986,1.7859010696411133,-1.6052954196929932,1.12172532081604,1.523320198059082,-1.2663930654525757,0.4159342348575592,-0.39889645576477045
0.0,0.6062304973602295,0.22367028892040247,-0.25245723128318787,0.6583830714225769,-1.336155891418457,-0.6138103604316713,1.2208074331283567,1.2685554027557373
0.0,0.5781451463699341,0.17770935595035553,-0.858090579509735,0.44914954900741577,-0.9169510006904602,-1.2972329854965208,0.7144842147827148,1.1565600633621216
0.0,1.068665623664856,-0.3256595730781555,0.07426649332046509,1.0435147285461424,-1.7625527381896973,-1.3618828058242796,0.393146276473999,-1.6196308135986328
0.0,0.6420943737030029,-0.1521102339029312,1.565548300743103,0.8106253743171693,-1.6927016973495483,0.8822462558746339,0.8937628865242003,-0.36097133159637446
0.0,0.92262202501297,-0.3820856809616089,0.5488319993019104,1.0341694355010986,-1.5515086650848389,-1.106733798980713,0.2504872977733612,-0.9805914163589475
0.0,0.7676426768302916,-0.3490949869155884,0.9986507892608641,0.6150637269020081,-1.170643925666809,-0.728523850440979,0.18946175277233124,1.1804525852203367
0.0,1.0564848184585571,-0.6038756966590881,0.5902426838874817,1.0039026737213135,1.3656259775161743,0.0020091219339519735,0.531658411026001,-1.195977807044983
0.0,1.2438791990280151,1.0168691873550415,-1.6271132230758667,0.74977046251297,0.49129873514175415,0.20702388882637024,1.4218924045562744,-0.10184043645858765
0.0,0.389827698469162,-1.7811851501464844,-1.53665030002594,0.47886767983436573,-1.726972222328186,-1.022633910179138,0.7217175960540771,0.3419421315193176
0.0,0.9845547080039978,0.4696331322193146,-0.6814113855361937,1.3487472534179688,1.384211182594299,0.9181377291679382,0.7854830622673034,0.9480396509170531
0.0,0.7798030972480774,1.5132687091827393,-0.39305731654167175,1.0920991897583008,0.12361250817775726,-1.3553074598312376,0.8218348026275634,1.2629202604293823
0.0,1.4671707153320312,-0.2513985335826874,-0.36387917399406433,0.7424287796020509,-0.9836055636405946,-1.4827576875686643,0.8484275341033934,1.409256100654602
0.0,0.7406305074691772,-0.5488362312316896,-0.46409955620765686,0.9978638887405396,1.4439953565597534,0.7478838562965393,0.6830148100852966,-1.6580222845077515
0.0,0.628813624382019,-0.08071140944957733,0.5905298590660095,0.6723635792732239,1.3729745149612427,-0.7608543038368225,0.41929325461387634,1.5833699703216553
0.0,0.9901804327964783,-1.9400169849395752,1.5999730825424194,0.5411391258239746,-0.9406520128250122,0.10009486973285676,0.7278541326522827,-0.17873431742191315
0.0,0.6698474287986755,1.0094774961471555,0.2223120331764221,0.9359825253486632,0.05908257141709328,-1.0958411693572998,0.6238705515861511,0.9645751118659971
0.0,1.0439857244491575,0.6321934461593628,-0.4921164214611053,1.7135769128799438,0.30859124660491943,0.9931669235229491,0.3078950047492981,-0.7546578645706176
0.0,0.460396945476532,0.6761849522590637,-0.5790649652481079,0.6964908242225647,0.23079290986061096,0.49018371105194086,0.5490771532058716,-0.756716549396515
0.0,0.5458726286888123,-0.42075338959693914,-0.24461641907691956,0.6528800129890442,1.063904881477356,0.5247860550880432,0.45874857902526855,1.4432432651519775
0.0,5.444518566131592,0.33405190706253046,-0.3861773610115051,6.266119956970215,1.3373857736587524,1.366871953010559,0.7623074054718018,1.341949701309204
0.0,1.0705981254577637,0.6229795217514038,-0.7441754341125488,1.371415138244629,-1.32200288772583,0.9154434800148009,0.2407796680927277,-0.44607061147689814
0.0,1.1562443971633911,1.3047473430633545,1.5880011320114136,1.3649177551269531,-0.9780284762382508,0.4427071809768677,0.8083006739616394,-1.0808806419372559
0.0,0.9417130351066588,-1.015247821807861,-1.679539918899536,1.3245792388916016,-1.0780473947525024,-0.020178908482193943,0.6433519721031189,-0.16467362642288208
0.0,0.43754008412361145,-0.30067601799964905,1.1008591651916504,0.5684228539466858,-0.47758239507675165,-1.7175952196121216,0.762436270713806,-0.9786927700042723
0.0,1.1635493040084839,0.4931367039680481,-0.12979067862033844,0.9615605473518372,-0.22485913336277008,1.206831693649292,0.8697617650032043,-1.0840541124343872
0.0,0.6941797137260437,1.1024909019470215,-1.4442272186279297,1.0157231092453003,-0.3395172953605652,-0.10875900834798811,0.4621087610721588,-0.44668710231781006
0.0,0.6252285838127136,-0.7894181609153748,0.42746201157569885,0.694658637046814,-0.37557965517044073,-1.4565885066986084,0.49908304214477534,-1.1376897096633911
0.0,1.0651061534881592,0.44988092780113215,-0.07207159698009491,1.0236133337020874,0.7682256102561951,1.428595781326294,1.233771562576294,0.7652496099472045
0.0,0.5758141279220581,1.497392177581787,1.436502695083618,0.8648351430892944,0.43533799052238464,-0.13203516602516174,0.4375762939453125,1.096147060394287
0.0,2.014708518981933,0.01489511039108038,-1.388514757156372,2.8722119331359863,-0.9597892165184021,0.6964731216430664,0.3323168456554413,1.4175349473953247
0.0,1.0984658002853391,-1.0947226285934448,-0.7775343656539918,1.8091686964035036,-0.781488299369812,1.0823904275894165,0.4575958549976349,-0.29573616385459894
0.0,1.7099337577819824,1.1232446432113647,0.7265830636024475,1.5959513187408447,1.1209373474121092,-1.073923110961914,1.5237003564834595,-0.7945339679718018
0.0,1.2689067125320435,1.431002140045166,-0.6375273466110228,0.5100494623184204,0.5963619351387024,1.600804090499878,0.1661310642957687,-0.7922545671463012
0.0,0.9625074863433837,0.8220648765563965,-0.6012527942657471,0.8778191208839417,1.5341203212738037,1.5285850763320923,1.6211758852005005,0.8455096483230592
0.0,0.26752063632011414,0.525676667690277,-0.9754459857940672,0.4359383881092072,0.9552688002586365,-0.6911086440086365,0.2448091357946396,-1.4898414611816406
0.0,2.748446464538574,1.4726945161819458,-1.2887086868286133,4.068331241607666,1.0828526020050049,0.3564749658107757,0.5398507118225098,0.5125386118888855
0.0,0.6017365455627441,-1.2666388750076292,0.20262302458286283,0.5229198932647705,-0.7384647727012633,-1.252392053604126,0.4630528092384338,-1.5994139909744263
0.0,0.800596296787262,-0.996108591556549,-0.7287577390670776,0.45684266090393066,1.3266514539718628,0.2865995466709137,0.9061956405639648,1.3517462015151975
0.0,0.5671800971031189,1.586730718612671,-1.2985600233078003,0.5687507390975952,1.07468044757843,0.9859842061996462,0.6148242950439453,0.017266204580664635
0.0,0.6995788812637329,0.7793195843696593,1.60160756111145,1.0366123914718628,0.9113513827323912,-0.7078039050102234,0.800499439239502,0.3163347542285919
0.0,0.7576349973678589,-1.8950532674789429,0.8361799120903014,0.44262003898620605,-1.2653740644454956,1.1713653802871704,0.9329183101654052,-0.7586371898651123
0.0,0.6285207867622375,0.6497172713279724,-0.35120266675949097,0.6538636684417725,-0.3442731499671936,1.136876344680786,0.2446802705526352,1.73596453666687
0.0,0.4344083368778229,1.1163996458053589,0.23961660265922544,0.6314250230789185,0.9775199294090272,-1.7300338745117188,0.21791647374629972,-0.9047411680221555
0.0,0.9825916290283203,-1.4532122611999512,0.5895413756370544,0.9103809595108032,-1.3301174640655515,-0.43427526950836176,0.49069118499755854,-0.6056894063949585
0.0,0.42836758494377136,0.876865565776825,-0.6792412400245667,0.5137567520141602,0.981606125831604,1.5080251693725584,0.23976147174835205,0.8609192371368408
0.0,0.7675968408584594,-0.7922629714012147,1.0857672691345215,1.1500462293624876,-1.0931314229965208,-0.9165164232254028,0.09150013327598573,-0.018689159303903576
0.0,0.69557124376297,0.25431737303733826,0.2908532917499542,0.7964863181114196,1.4721531867980957,1.4951117038726807,0.2901398837566376,-1.2646751403808592
0.0,0.6289574503898621,-0.6058568954467772,1.555393099784851,0.5729294419288635,0.26053828001022333,0.6893180012702942,0.41525924205780024,-1.1228760480880735
0.0,0.4783829748630524,0.5320524573326111,0.3305377960205078,0.5076965093612671,-0.12507079541683197,1.4290540218353271,0.852983832359314,-0.9160665869712828
0.0,0.769095242023468,-1.4412375688552856,-1.4132648706436155,0.6314764618873596,0.22035355865955353,-0.5640945434570312,0.8664198517799377,0.2668761610984802
0.0,1.1891191005706787,-0.30044394731521606,-1.4572703838348389,1.106356143951416,-1.293474197387695,1.0368815660476685,0.28818902373313904,1.562546133995056
0.0,0.4273198246955872,-1.0955886840820312,-1.6113862991333008,0.6797759532928467,0.0972035676240921,0.5986315608024597,0.9134129881858823,-0.38346588611602783
0.0,1.900080680847168,-0.2816419899463653,1.2688962221145628,2.4212751388549805,-1.809584140777588,-0.577477216720581,1.1068871021270752,0.18426936864852905
0.0,0.6779760718345642,0.9658509492874144,0.5200586318969728,1.0138137340545654,1.1289530992507935,-1.1459709405899048,0.6227235794067383,1.6248798370361328
0.0,0.855594515800476,0.287433385848999,-1.1267347335815427,0.7653174400329591,-0.843969464302063,0.8915159106254578,0.5491262078285217,-0.43890780210495
0.0,0.7021568417549133,0.6895134449005127,-0.9496964812278749,0.4562748074531555,-0.270744651556015,0.5537906885147095,0.4947274923324585,1.0596652030944824
0.0,0.9717449545860289,-0.6428385376930237,-0.3989731371402741,1.208968162536621,-1.9088698625564573,-1.3617724180221555,0.8566974401473998,0.898720145225525
0.0,1.2000714540481567,-0.022157540544867516,1.7122646570205688,1.5940290689468384,0.5773269534111023,0.05713444948196411,1.016924500465393,-0.5297437310218811
0.0,1.7718816995620728,1.5786243677139282,-1.6554027795791624,0.990760028362274,0.9698997735977172,-0.426103800535202,1.3877207040786743,0.457255095243454
0.0,0.9540695548057555,-1.2439594268798828,-1.051242113113403,0.9950823783874512,-1.8841472864151,0.32492682337760925,0.21542172133922577,-0.5001322031021118
0.0,0.45623141527175903,-1.6136248111724851,0.7759228944778441,0.6918684840202332,-1.9234760999679563,-1.6524262428283691,0.17707695066928864,-0.13661739230155945
0.0,0.6413114070892334,1.337770104408264,-1.4090845584869385,1.0183246135711668,-1.0818780660629272,0.5852764248847961,0.32980844378471375,1.7210571765899658
0.0,0.6569473147392273,-1.2797318696975708,0.2845807671546936,0.7552670836448668,-1.7581124305725095,-0.40394836664199835,0.46889063715934753,1.7238168716430664
0.0,0.5421425104141235,1.4005358219146729,-1.6247111558914185,0.7685596346855164,-0.4138869047164917,-0.011733460240066051,0.2064073383808136,-1.6160929203033447
0.0,0.6171547770500183,-0.8209187388420106,1.147228121757507,0.8011451363563538,1.6019529104232788,0.6966663599014281,0.4180333316326141,-0.9022023677825928
0.0,0.7438004612922668,1.6154143810272217,-0.7594053745269774,1.1921420097351074,-0.504198968410492,0.7856192588806152,0.48432090878486633,-1.047147274017334
0.0,0.8145644664764403,-0.5712028741836548,-1.1014766693115234,0.8526889085769653,-1.9867614507675169,0.3548954427242279,0.6505591869354248,0.7892635464668275
0.0,0.5628083348274231,-1.2387962341308592,1.1586312055587769,0.7159721851348877,-0.3526109457015991,1.512712478637695,1.1748689413070679,0.5375626087188721
0.0,0.3701064884662628,-0.9658105373382568,-1.1822372674942017,0.6168209910392761,0.3569020628929138,0.8476191163063049,0.37540256977081293,0.5452232360839844
0.0,1.6883295774459839,-1.1754586696624756,-0.44006687402725214,2.238504648208618,0.01912118308246136,1.1398245096206665,0.8766679167747498,-1.5160962343215942
0.0,1.826445698738098,-0.7110871076583862,0.5535262823104857,1.3567018508911133,-1.6323329210281372,-1.3840658664703367,1.6521092653274536,-0.9055469632148743
0.0,0.5378700494766235,-0.125576913356781,0.02445014007389545,0.6436569094657898,-0.5715950131416321,0.7948061227798462,0.9734819531440736,-1.2750180959701538
0.0,0.4077857732772827,1.1415513753890991,-0.8824374675750732,0.6441261768341064,1.6044243574142456,1.0877788066864011,0.9533392190933229,0.9761488437652589
0.0,0.27176254987716675,-1.2940021753311155,1.5726606845855713,0.45560404658317566,-1.1927220821380615,0.5972457528114319,0.8450217843055725,-0.0613560825586319
0.0,0.6637137532234192,0.9395557045936584,0.9946306943893432,0.5331159830093384,0.6077601909637451,-0.3793063461780548,0.7940607666969299,0.7276031970977782
0.0,0.3826781213283538,-0.5101180672645569,0.5700263381004332,0.5308144688606262,0.8366398215293884,-1.6509135961532593,0.9081065058708192,-0.46325847506523127
0.0,0.479681521654129,0.4534590542316437,-0.7292326092720031,0.6898177266120912,1.0062215328216553,0.5532882809638977,0.7757092714309692,1.4506996870040891
0.0,0.5603042244911194,0.029253197833895683,0.5803581476211548,0.7032409906387329,-0.8050493001937865,0.7330271005630493,1.173945426940918,-0.7891417145729066
0.0,1.3868650197982788,0.16651931405067444,-1.197803974151611,1.8147829771041872,1.9776360988616943,0.40928965806961054,0.7348629236221313,0.344294935464859
0.0,0.4927649199962616,0.8994441032409669,0.6954661011695862,0.7871602773666381,1.1883087158203125,-1.2441990375518799,0.25198209285736084,-0.192827582359314
0.0,1.277138352394104,1.225987434387207,-0.7963204979896545,1.0828288793563843,-0.7927712202072142,0.3989147841930389,0.47592452168464655,1.1082395315170288
0.0,0.9719079136848447,0.39792600274086,0.02214820310473442,0.6029411554336548,0.8457759618759155,-0.9593918323516845,1.258217215538025,1.6341243982315063
0.0,0.9487519264221193,0.17992852628231049,1.3992561101913452,1.040823221206665,0.6104540824890137,-0.3338940739631653,1.2486054897308347,-1.608183979988098
0.0,0.670553982257843,-1.612422227859497,-0.7897768020629882,0.7805429100990294,-1.3570313453674316,1.5416364669799805,1.489996314048767,1.0041255950927734
0.0,1.3641914129257202,-1.3423631191253662,-0.16461461782455444,1.4828603267669676,-1.827114939689636,1.6639026403427124,1.019322395324707,-1.6528176069259644
0.0,0.381748765707016,-0.443833976984024,-0.599888801574707,0.5165661573410033,-0.0014357274631038308,0.5525098443031311,0.4948073029518128,-0.58506977558136
0.0,0.6525348424911499,-1.8758636713027956,-1.412453055381775,0.6824610233306885,-0.33606550097465515,-0.7731603980064392,0.7499682307243347,0.11170250922441483
0.0,1.0331683158874512,0.2865277230739593,-0.16294308006763458,1.2770212888717651,1.4413096904754639,1.306390404701233,1.3842203617095947,-1.0062721967697144
0.0,0.7591461539268493,1.2281317710876465,-1.2523567676544187,1.0017062425613403,0.8164457678794861,-0.049707341939210885,0.7589677572250366,0.7221446633338928
0.0,0.6131369471549988,-1.2268215417861938,-1.6560765504837036,0.9519666433334351,0.09543731063604355,-0.4192418456077576,0.2934350669384002,1.0273172855377195
0.0,1.1107929944992063,1.8304021358489992,-1.6597542762756348,1.240107178688049,-0.3548014760017395,0.26200056076049805,0.4737820625305176,0.12571628391742706
0.0,0.44184184074401855,-1.4578455686569212,-0.5696663856506348,0.6048033833503723,-0.08963369578123091,1.1200816631317139,0.7593247294425964,1.0932825803756712
0.0,1.042396903038025,-0.5199466943740845,-1.0654339790344238,1.4783666133880615,-0.9573836922645568,1.1672192811965942,1.3050451278686523,-0.12092910706996916
0.0,0.733902335166931,0.2067250609397888,-0.4921445548534393,1.2280960083007812,0.457140177488327,1.3646084070205688,0.2649848759174347,-0.1743377447128296
0.0,0.42568904161453247,-1.1406784057617188,1.548606514930725,0.520054817199707,0.16946175694465637,-1.2893767356872559,0.6903679370880127,0.27679967880249023
0.0,1.5077180862426756,0.3867048621177673,1.7259705066680908,1.7200398445129395,0.8736538290977478,0.13031522929668427,1.0339374542236328,-0.31641820073127747
0.0,0.7682995796203613,-0.6794081926345825,0.5418360829353333,1.1752899885177612,-1.9759283065795896,-1.226830244064331,0.7719284296035767,-0.5695552825927734
0.0,0.5269151926040649,0.41843166947364807,1.0719233751296997,0.48707082867622375,1.8271255493164065,-0.1747405230998993,0.361992746591568,-1.0936850309371948
0.0,1.011405110359192,0.8822726607322691,0.07191077619791031,1.2785084247589111,-0.44932073354721064,-1.683558702468872,0.3736786246299744,-0.9667437672615052
0.0,0.6670886874198914,-0.16687750816345215,0.2080175578594208,1.0637911558151243,-1.9688353538513184,-1.1925840377807615,0.6462366580963135,-1.6050270795822144
0.0,0.6260281205177307,-1.2577083110809326,-0.3434755802154541,0.6678119897842407,-1.4265693426132202,-1.6323577165603635,0.26145368814468384,-1.630983829498291
0.0,0.7360907196998595,1.004591941833496,-0.5460572838783264,1.1840566396713257,0.6866163015365601,-1.7311985492706299,0.8379822373390197,1.3189842700958252
0.0,0.5590706467628479,-1.9703149795532224,-1.733744740486145,0.5435006022453308,-1.7999619245529175,1.406142234802246,0.718019962310791,0.39425355195999146
0.0,0.7518819570541383,0.7020666003227234,0.8186141848564149,1.2186478376388548,-0.4032399654388428,-0.8820052146911621,0.5529139637947083,-1.0967482328414917
0.0,0.6168466806411743,-1.1551169157028198,-0.15190717577934265,0.6518171429634094,-1.587517499923706,-1.7229173183441162,0.40373757481575007,0.11253701150417328
0.0,0.961119830608368,0.4261318743228912,1.4153751134872437,0.82746022939682,-0.8417617082595825,0.8667159676551818,1.4498728513717651,-0.274107038974762
0.0,0.9134749770164488,-0.04529232159256935,-0.12508419156074524,1.2112504243850708,-1.565513491630554,1.4705049991607666,0.7596542239189149,0.8530212640762329
0.0,0.5207929611206055,0.7554931640625,-1.559903860092163,0.6393710374832153,-0.679257333278656,1.6033271551132202,0.6626212596893312,0.06253757327795029
0.0,0.7600258588790892,-1.3547749519348145,-1.4410796165466309,0.5445528030395508,0.20603160560131076,-0.5545213222503662,1.3213270902633667,0.5455759167671204
0.0,0.39502948522567755,0.6796781420707704,-0.4612639546394348,0.42880240082740784,0.09145747870206831,0.008650795556604862,0.8596915006637573,-1.5232822895050049
0.0,0.9775209426879882,-0.7091319561004639,-1.15958571434021,1.128106951713562,-1.7147057056427,0.8608693480491638,0.10066764801740646,1.2716516256332395
0.0,0.42707157135009766,0.13008844852447507,-1.482660889625549,0.6052727103233337,-0.5551096796989441,0.1426876038312912,0.823970377445221,1.2451815605163574
0.0,0.7612174153327942,-1.4462662935256958,-1.1639866828918457,1.0397945642471311,-0.7090208530426024,0.45346358418464655,0.6655686497688292,-0.9693763852119444
0.0,0.8642705082893372,0.37111264467239374,-0.1969381421804428,0.647728443145752,0.8557522892951965,0.7469452619552611,1.048357367515564,1.465993285179138
0.0,1.35545814037323,0.007407661993056534,-0.13403937220573425,2.02764892578125,-1.5458078384399414,1.4557034969329832,0.1628302037715912,-0.10538651794195177
0.0,0.4458711445331573,1.0836881399154663,-0.5724550485610962,0.5476086139678955,-0.2685384750366211,0.7434063553810119,0.37521329522132874,0.2203008532524109
0.0,0.9550154209136963,-1.5311311483383179,0.20529240369796753,0.8770626783370972,0.07926439493894577,-1.69736111164093,0.15538129210472107,-0.03939064592123032
0.0,0.3941523730754852,-0.8325233459472656,1.4686908721923828,0.4397892355918884,-0.8791132569313049,-0.3551843762397766,0.5978718400001526,1.5346741676330566
0.0,0.7074095606803894,0.9528505206108093,-0.04380429908633232,0.5633655786514281,0.9389326572418211,-0.5788022875785828,1.7451605796813965,-1.667813420295715
0.0,0.559246301651001,-0.9497323036193848,-1.358088135719299,0.47140172123909,-1.8444726467132568,1.0484699010849,0.5657628178596497,0.0998213514685631
0.0,0.6978729367256165,0.4490812420845032,0.7487542629241942,1.012573003768921,0.03676929697394371,-1.5362608432769775,0.7329074740409851,-1.378116488456726
0.0,0.6224189400672913,0.8907659053802489,-1.203259825706482,0.8242266178131102,1.5926191806793213,0.11947493255138396,0.8980478048324586,1.2436583042144775
0.0,0.7465121746063232,-0.32067546248435974,-1.5502734184265137,1.1440224647521973,0.14438575506210327,0.03041323646903038,0.6000051498413086,-1.6093651056289673
0.0,0.5348681807518004,0.5240839719772339,-0.7260574698448181,0.8820899724960326,-1.2409809827804563,0.7795572876930237,0.9090391993522643,1.5590800046920776
0.0,0.756491780281067,-0.6941359639167786,-0.5021252036094666,0.9222999215126035,-0.4912956058979034,1.2829430103302,0.5240795612335205,0.4409089088439941
0.0,0.430552214384079,-0.8225820660591124,0.4162786900997162,0.5335938334465027,0.1933094710111618,-0.5833404660224915,0.790881872177124,1.5818852186203003
0.0,0.30191028118133545,-1.4076430797576904,-1.158066987991333,0.45714908838272095,1.5877339839935303,-0.6218101382255553,1.0530253648757935,0.6211656332015991
0.0,0.5531584620475769,-0.31922659277915955,0.17438969016075134,0.7172150611877441,0.5461629629135132,-0.9128063917160033,0.18608790636062625,-1.4258078336715698
0.0,0.6174259185791016,-0.9778439998626709,-0.5970669984817505,0.5775024890899657,1.5602681636810303,0.4192515909671784,0.9572443962097169,-1.6911594867706299
0.0,0.5873902440071106,-0.22732992470264435,0.1913938671350479,0.8190128207206726,-1.173667311668396,-1.623331069946289,0.17385360598564148,-0.8740323781967163
0.0,0.7745541930198668,-0.5286114811897278,0.2606529891490936,0.6144123077392578,-0.30300676822662354,-1.3877704143524168,0.22217395901679993,-1.072237491607666
0.0,0.524912655353546,0.3224885165691376,-0.7884349822998048,0.4319739639759064,-1.1991312503814695,1.7289389371871948,0.550801157951355,0.34826767444610596
0.0,1.5936763286590576,1.9113063812255855,1.327993631362915,1.9154151678085327,0.7386507391929625,-0.221247598528862,0.7523056268692015,-0.7370516657829284
0.0,0.5029622316360474,1.538739800453186,-1.0557371377944946,0.4818463623523712,-0.1451602727174759,0.7164533734321593,0.7299407124519347,-0.24790577590465543
0.0,0.337604820728302,0.6029397249221802,0.7256221771240233,0.4871972501277924,-0.11334630846977232,0.2091985791921616,0.5767462849617004,-1.4235174655914307
0.0,1.465044617652893,0.409875363111496,-0.4569368362426758,0.47959628701210016,0.38970130681991577,1.7112057209014893,1.1711518764495847,1.1587125062942505
0.0,0.6110236048698425,-0.6042675971984863,-0.3794917464256287,0.6460055112838745,1.7072856426239011,1.6207622289657593,0.6641890406608582,-1.343009114265442
0.0,1.0633403062820435,-0.2175652384757996,-0.8502381443977357,0.8398271203041076,0.7514429092407225,1.1210975646972656,0.36512145400047297,1.020081639289856
0.0,0.3728767037391663,0.27151995897293085,0.19646589457988736,0.4858407974243164,-1.7386045455932615,1.1803480386734009,0.5193625688552856,-0.03551352024078369
0.0,0.7423148155212401,0.1275152564048767,-0.5462925434112549,0.6826732158660889,0.2561539709568024,-1.6564621925354004,0.30848106741905207,1.3030447959899902
0.0,0.862075686454773,-0.6691120862960817,0.2247362434864044,0.6594802737236023,-1.2278906106948853,1.5893205404281616,0.9004614949226379,-0.8437651991844177
0.0,0.4200913012027741,-1.665273666381836,1.2053867578506468,0.5160218477249146,-1.2302054166793823,-0.06516644358634949,0.5183557868003845,-1.0769232511520384
0.0,0.66761314868927,-1.20626962184906,1.4293073415756223,0.8585177659988403,-0.44214117527008057,0.48559802770614624,0.41896149516105646,-0.8023160696029662
0.0,0.32549530267715454,1.8669732809066768,-0.5444950461387633,0.45722624659538263,1.5740586519241333,-1.7162977457046509,0.12461426109075546,-0.056559909135103226
0.0,1.100498914718628,1.843318581581116,-0.054201897233724594,1.2766462564468384,0.33592861890792847,1.537871241569519,0.48708245158195496,-1.5152629613876343
0.0,0.5520827174186707,1.7088229656219482,-1.1113226413726807,0.6349201202392578,-0.4226703941822052,-0.14103923738002777,1.0697156190872192,1.3058761358261108
0.0,0.8966652154922485,1.4866032600402832,1.593572974205017,0.640922486782074,1.191019058227539,-0.748951256275177,0.3137453496456146,0.27092891931533813
0.0,0.9744935631752014,1.727903127670288,-1.0382819175720215,0.5362296104431152,0.4501872360706329,-0.42819568514823914,1.06577730178833,0.8182945251464844
0.0,0.36305108666419983,0.8655216693878173,1.3910667896270752,0.6070920825004578,0.9190046787261962,-0.659346878528595,0.4025711715221405,1.4907912015914917
0.0,0.5491113066673279,0.06586016714572905,1.669628620147705,0.43834918737411493,-0.8812634944915771,-1.6206202507019043,1.030004858970642,0.16820357739925385
0.0,0.3013717830181122,1.1620445251464844,0.5964937210083008,0.4669851660728455,0.5965571999549866,1.088557243347168,0.5055673122406006,-1.2077060937881468
0.0,0.9149542450904846,-1.5442999601364136,0.8034394979476928,0.7254182100296019,0.19989337027072904,-1.112144351005554,0.8003078699111937,-1.2393696308135986
0.0,0.918657660484314,0.1197376474738121,0.06967819482088089,0.45891058444976807,-0.9531163573265076,-0.6898885369300841,1.346935987472534,-1.67995548248291
0.0,0.7747693657875061,1.3178740739822388,-0.9233450889587401,1.1688826084136963,0.6215870976448059,0.911071002483368,0.5235983729362488,1.4304057359695435
0.0,1.1363054513931274,-0.04869936406612396,1.566967487335205,1.9035797119140625,-0.9343663454055786,-0.01773209497332573,0.2974713444709778,-1.3250274658203125
0.0,0.7757012248039244,1.461947679519653,-0.13313429057598114,0.8733553886413574,-1.926417112350464,-1.5964387655258179,0.6730244159698486,0.5673700571060181
0.0,0.5086949467658997,0.4851614832878113,-1.4878517389297483,0.5899636149406433,-1.4585908651351929,-0.48149341344833374,0.9223772287368774,0.409325897693634
0.0,0.7010722160339355,-0.5225939154624938,-1.5674360990524292,0.7916261553764342,1.213154911994934,0.5264301896095276,0.7438260316848755,-0.37811833620071406
0.0,1.3701239824295044,-1.3687340021133423,0.5682150721549988,2.136974811553955,0.3100246787071228,-1.1951125860214231,0.8135284185409546,0.2497390955686569
0.0,0.6740129590034485,-1.9325075149536128,-1.3909389972686768,0.48487430810928334,-1.0854206085205078,1.3609535694122314,0.8877574801445006,-0.05335325375199318
0.0,0.6453088521957396,1.6076611280441284,0.9008767604827882,0.6865947842597961,-0.6808802485466003,0.3149847686290741,1.6925405263900757,-0.9238596558570861
0.0,0.5417529344558716,-0.801859438419342,0.4920549988746643,0.677461564540863,1.274537205696106,-1.6863356828689575,0.39085221290588373,-0.19312505424022677
0.0,0.3880555927753448,-1.5608237981796265,1.0090986490249632,0.6210253834724425,-1.8874508142471316,1.3154059648513792,0.6172677278518677,-0.8709471821784973
0.0,0.6776984930038452,1.1119260787963867,0.2533218562602997,0.8730746507644653,0.4821428954601288,-1.4680057764053345,0.07993648946285248,-1.3198670148849487
0.0,0.6128008365631104,1.3841379880905151,-1.2205880880355835,0.6598145961761475,-0.17394673824310303,-1.534179449081421,0.5516415238380432,0.3929775059223175
0.0,0.42784562706947327,-1.5826371908187866,-0.45938974618911743,0.5941530466079712,-1.81690776348114,1.0537534952163696,0.052634280174970634,0.9583770036697389
0.0,0.729866623878479,1.9244245290756223,0.4971894323825836,0.7791650295257568,1.7770707607269287,1.4963760375976562,0.31229045987129206,1.6936655044555664
0.0,0.433708131313324,-0.24831153452396393,1.420875072479248,0.6470534205436707,-0.17329262197017667,-0.6011729836463928,0.29878598451614374,0.6719311475753784
0.0,0.6674515008926392,-0.8880681395530701,0.3363182842731476,0.9873849749565123,-1.9472843408584597,-0.8078703880310057,0.8698278665542601,1.3814504146575928
0.0,1.1750464439392088,0.35199025273323054,-0.801362156867981,1.4482413530349731,1.07500159740448,0.9422199726104736,0.06764985620975494,1.2140313386917114
0.0,0.6831166744232178,-0.6853198409080504,-0.7642648220062256,0.5030849575996399,-0.4263957142829895,1.548112392425537,0.6584253907203673,1.733988642692566
0.0,0.8584640026092529,-0.44423168897628784,-1.356508731842041,1.1230303049087524,0.5684948563575745,0.869316279888153,0.6469014286994934,-0.03879920765757561
0.0,1.1086046695709229,-1.46925687789917,-0.712953507900238,1.3674272298812866,-0.8709410429000854,1.0745948553085327,0.14685262739658356,-1.1336550712585447
0.0,0.6367295980453491,-1.6225301027297971,0.888700544834137,0.8022872805595398,-1.8420752286911009,-1.0203537940979004,0.7275862097740173,-0.4929687976837158
0.0,0.7562499046325684,1.063178300857544,-0.9173812270164488,0.5704544186592102,-0.07751418650150299,-0.4453772902488709,1.1697381734848022,0.6913034915924072
0.0,0.31525719165802,-1.1136598587036133,1.090709567070007,0.5225191712379456,1.7177975177764893,-1.4682486057281494,0.3539999723434448,-0.18861423432826996
0.0,0.9779537916183472,1.4175055027008057,-1.0334279537200928,0.8795291781425475,-1.2573336362838743,-1.0308711528778076,0.409264087677002,0.9593374133110046
0.0,0.6830021142959595,1.1670814752578735,0.13793838024139404,0.6035283803939819,0.41821920871734614,1.4821763038635252,0.8035095334053038,-0.7819392085075377
0.0,0.592901349067688,-0.5194253325462341,1.720619559288025,0.8534647226333617,-0.9227341413497924,-0.920701265335083,0.6774746179580688,0.31420379877090454
0.0,0.5843488574028015,-0.55955708026886,0.4599296748638153,0.6711635589599608,-0.6178281307220458,-1.0441598892211914,0.253841757774353,-0.8167597651481628
0.0,0.9811758995056152,-0.07631511986255644,-0.36550322175025934,1.500815987586975,1.84185528755188,1.1813969612121582,1.2100212574005127,1.7139153480529783
0.0,1.0095999240875244,-1.8187656402587888,0.42926058173179626,0.8654993772506714,-1.9857399463653564,-0.9746902585029602,0.3816063702106476,-1.6418565511703491
0.0,0.7916287183761597,-1.5123621225357056,-0.18130677938461304,1.2625950574874876,-1.4366774559020996,1.5157322883605957,0.30437409877777094,-0.9317079186439513
0.0,0.7725172638893126,1.547603130340576,-1.2143094539642332,0.9236392378807069,0.38752561807632446,1.43479585647583,0.8320589065551757,0.12085609138011932
0.0,0.5192640423774719,-1.8377366065979004,-0.4197025001049042,0.6398596167564392,-0.5582360625267029,1.4775551557540891,0.4260329604148865,-0.013385329395532608
0.0,0.4355350136756897,1.6799964904785156,0.9786663651466369,0.7258489131927489,0.526441752910614,-0.6763181686401367,0.4274216890335083,-1.4660096168518066
0.0,1.7503666877746582,0.9049941301345824,0.03615354374051094,1.8101049661636353,0.7400034070014954,1.3615387678146362,1.3364574909210205,-1.2176296710968015
0.0,0.4503154456615448,0.28862327337265015,-0.23876135051250455,0.5342452526092529,1.1533790826797483,-1.2966201305389404,0.4629080295562744,0.6558758020401001
0.0,1.0131810903549194,-0.05240686610341072,-1.333420991897583,1.182192325592041,0.6889271140098572,1.0498114824295044,1.4213907718658447,-0.09346009790897368
0.0,0.39276471734046936,-1.6287696361541748,-0.4670571684837341,0.6136922836303711,-2.018601894378662,1.206472873687744,0.39412575960159296,-0.17622917890548706
0.0,0.6559352874755859,1.2042834758758545,0.2194107323884964,0.7923033833503723,0.9682273864746093,-1.3018484115600584,0.3813430070877075,0.3324049711227417
0.0,0.3771529495716095,0.5529642701148987,-0.25067248940467834,0.5496272444725037,1.943752646446228,-0.7219815850257874,0.6922835111618042,1.226681351661682
0.0,0.35459911823272705,0.459387481212616,1.4793981313705444,0.5486907958984375,1.4457994699478147,0.3013193905353546,0.7857328057289124,-0.3628566861152649
0.0,0.42662093043327326,-0.1581202447414398,0.2400821149349213,0.5632884502410889,1.7616820335388184,0.3412300646305084,0.47127705812454224,-1.0535992383956907
0.0,0.48430278897285456,-0.5991683006286621,-0.8808250427246093,0.578464686870575,-0.6133507490158081,0.4518365561962128,0.39181455969810486,1.2296396493911743
0.0,0.6358028054237366,-0.056200895458459854,-1.3670835494995115,0.5845205783843994,-0.008786189369857311,0.751974880695343,0.6247280240058899,-1.6597883701324463
0.0,0.6137428879737854,1.3207751512527464,-0.413242220878601,0.49730330705642706,1.9667700529098513,1.4119446277618408,1.2791627645492551,-0.16962270438671112
0.0,0.8702297806739806,0.10520918667316435,-0.979018747806549,1.3649135828018188,-1.3601617813110352,0.7402760386466981,1.0558279752731323,-1.0098044872283936
0.0,0.4653390049934387,0.2351336181163788,0.8277642726898193,0.5910093784332275,-0.19525545835494995,0.266008198261261,0.5500668287277222,-1.5631695985794067
0.0,0.49963697791099543,1.390100121498108,-1.1359730958938599,0.7782179117202759,1.5637363195419312,0.12343176454305647,0.8193776607513428,1.2419142723083496
0.0,1.1389025449752808,-1.9447429180145264,-1.1233551502227783,1.2451130151748655,0.4840368628501892,0.6677809953689575,0.31423678994178766,-1.2539514303207395
0.0,0.9012839794158936,1.7750110626220703,-0.3333712816238404,0.8852272033691406,0.027665844187140465,0.41053295135498047,0.4364748895168304,-1.0341717004776
0.0,0.6830301880836487,-1.0003637075424194,1.4249836206436155,0.9200198650360109,-0.57735675573349,-0.7952275276184082,0.26413771510124207,1.4362448453903198
0.0,0.4559997022151947,-0.5749096274375916,-1.6697824001312256,0.6871283650398254,-0.7861181497573853,-0.9705219864845277,1.4437158107757568,0.35654425621032715
0.0,0.7752162218093872,1.34650719165802,-1.5391464233398435,0.9425913095474243,-1.7144914865493774,0.6987863779067993,0.5826171636581421,-0.08678685128688812
0.0,0.4534446597099304,-1.3144782781600952,-0.024434972554445263,0.7360063791275024,-1.5776565074920654,0.47978729009628296,1.0871024131774902,-1.17545747756958
0.0,1.3970240354537964,0.5626642107963562,-1.5373076200485227,2.1795525550842285,-1.040168523788452,0.24147658050060272,0.4699646830558777,0.6852213740348816
0.0,0.9817818999290465,1.607518196105957,-1.225094199180603,1.4305408000946045,0.31732943654060364,0.35669302940368647,0.8631588816642761,-1.0614033937454224
0.0,0.4398736357688904,1.8710350990295408,0.5318808555603027,0.5432734489440918,-0.4809229969978333,-1.1992533206939695,0.5221970677375793,1.4785163402557373
0.0,0.3978404700756073,-0.3641590774059296,0.8458490967750549,0.6214517951011658,-1.69647479057312,-0.6912798285484314,0.5001137256622313,1.6368509531021118
0.0,0.6034984588623047,0.6170637607574463,1.5156562328338623,0.7364628911018372,1.280435562133789,-1.1977405548095703,1.5995463132858276,0.3899678885936737
0.0,0.6144316792488098,1.5849816799163818,1.640830874443054,0.518801212310791,1.2891268730163574,0.9084927439689635,0.9319913983345032,-0.4018188416957855
0.0,1.1895201206207275,1.9355667829513548,-0.4262550175189972,1.2004886865615845,1.6847954988479614,-1.2948259115219116,0.4959566295146942,1.4961557388305664
0.0,0.8323913812637329,0.8558847904205321,1.722740054130554,1.2970554828643799,-0.08946976065635681,-0.05725552886724472,0.513292133808136,-0.6846249103546144
0.0,1.6125433444976807,0.519461452960968,-0.2563707232475281,1.704278588294983,1.7023098468780515,1.5364357233047483,0.5226668119430542,-1.3147783279418943
0.0,0.9272229075431824,-0.5487917065620422,-1.389326572418213,0.6727706789970398,1.8450188636779783,-0.2229391932487488,0.5974043607711792,0.48492446541786194
0.0,0.6031025052070618,-1.9480223655700684,0.965048909187317,0.913231074810028,-1.981101870536804,-1.1612473726272583,0.8669773936271667,-0.9328062534332275
0.0,0.5998918414115906,-1.3065065145492551,-1.713887333869934,0.9526566267013549,0.7056604027748108,0.18750028312206268,0.712019145488739,-1.0995795726776123
0.0,0.7078169584274292,1.9194295406341553,0.9621111154556273,0.6107286214828491,0.6409178376197815,-0.9371094107627869,0.16710251569747925,0.30904996395111084
0.0,0.5838599801063538,1.1131285429000854,-0.9485700130462646,0.772952675819397,-0.4808545708656311,0.42075768113136286,0.49878883361816406,-0.5119774341583252
0.0,0.54133540391922,1.3584649562835691,1.0622321367263792,0.6202603578567505,2.0234978199005127,0.4022317230701447,1.0630568265914917,-0.9701656699180605
0.0,0.543376088142395,1.559628129005432,-0.4530382454395294,0.8869693875312805,0.36243146657943726,-1.531866192817688,0.5358703136444092,-0.21495068073272705
0.0,0.48100420832633967,-0.811068296432495,0.15113341808319092,0.6969857811927795,-1.0580123662948608,0.7487672567367554,0.8699920773506163,-1.35893177986145
0.0,0.5003766417503357,-1.53605055809021,-0.548334002494812,0.504224956035614,-1.6864819526672363,-1.7194668054580688,0.7494654059410094,0.7929282784461974
0.0,0.7205910086631776,0.7001131176948547,-0.3948635756969452,0.8695110082626343,-1.2422413825988767,0.8572475910186766,0.18229219317436215,0.9094218611717224
0.0,0.5722914934158325,0.7938917875289918,-1.3559621572494507,0.4789426922798157,1.1148823499679563,-1.146743893623352,1.3110312223434448,0.48263454437255854
0.0,1.026163935661316,0.31213268637657166,-0.4437859952449799,0.8472759127616881,0.15082053840160367,0.8217757344245911,0.6490312814712524,-1.5281778573989868
0.0,1.3727847337722778,-1.5191229581832884,-0.47388744354248047,1.8188567161560056,-0.20014807581901553,1.2237147092819212,0.3618593513965607,1.1702752113342283
0.0,1.0270626544952393,-1.8777893781661987,-1.0479345321655271,0.7543220520019531,0.32984724640846247,-0.293059766292572,0.43819996714591974,0.7874478101730346
0.0,1.0900801420211792,1.3978532552719116,-1.485664963722229,1.3633170127868652,0.9057247638702391,0.6234534978866577,0.2273424714803696,-0.3683013916015625
0.0,1.6035808324813843,0.5567072033882141,1.4874714612960815,2.392966985702514,1.269371747970581,-0.14237253367900848,1.607094407081604,-0.3916811943054199
0.0,1.3354326486587524,0.2766545414924621,1.6801316738128662,1.4996631145477295,0.23656123876571652,0.21612565219402316,1.1830556392669676,-0.22918468713760373
0.0,0.8108279705047606,-0.11127129197120667,-1.4902483224868774,1.140917420387268,-1.7549407482147217,0.40198382735252386,0.5833491683006288,-0.2912810742855072
0.0,0.9563496708869934,-0.6473946571350098,1.2178003787994385,1.3451621532440183,1.2155439853668213,-0.9017314314842224,0.5971512198448181,0.3375908136367798
0.0,0.3952306509017944,-0.5455213785171509,-0.8679972290992736,0.4919995665550232,1.777803897857666,0.6238565444946289,0.340088427066803,1.3782050609588623
0.0,0.682459831237793,-1.7425620555877683,1.15690279006958,0.6122586727142334,-1.8648947477340696,-1.6323081254959106,0.9835647344589232,-0.4696325659751892
0.0,1.6512703895568848,0.37074095010757446,0.7754424810409546,1.246973156929016,0.06911429017782211,-0.8929311037063599,0.5695904493331909,-0.944622814655304
0.0,0.5687281489372252,1.8288381099700928,1.6405327320098877,0.6048205494880676,0.8253783583641052,1.5268515348434448,0.5424640774726868,0.16843095421791077
0.0,0.3682401478290558,0.05961798503994942,-0.9231739640235901,0.6132057905197144,-0.4025932848453522,0.7518147826194763,1.1576405763626099,-0.20589536428451535
0.0,0.4754281342029572,1.2306376695632935,-0.19910667836666107,0.7509790658950805,0.474739283323288,0.43149697780609125,1.3392623662948608,1.6891783475875854
0.0,0.5379655361175537,0.7979962825775145,1.4979413747787476,0.6667940616607666,-0.02641683630645275,0.23059210181236267,0.4381087720394135,-1.2349156141281128
0.0,1.0012115240097044,-0.024702394381165504,-1.3928606510162351,0.4509324729442597,-1.9193654060363767,-0.3763195276260376,0.4662408232688904,0.10822873562574387
0.0,1.0658380985260008,0.5220186710357666,-0.49629056453704834,1.599729299545288,-1.3702123165130615,1.2259066104888916,0.9302571415901184,0.01568959467113018
0.0,1.0860177278518677,-1.463706851005554,-1.2500374317169187,1.5799094438552856,-0.010067135095596312,0.6820966601371765,0.3083704710006714,-1.387962818145752
0.0,0.42085260152816767,0.8307263255119324,0.19940972328186035,0.5771917700767517,0.2542484998703003,-0.4498321115970612,0.26896873116493225,1.118273377418518
0.0,1.2052005529403687,-1.6422494649887085,1.502000093460083,1.3763567209243774,-1.1925325393676756,0.002041110070422292,0.8130769729614259,-0.6208340525627136
0.0,0.5929930210113524,-1.0523573160171509,0.02423853427171707,0.5235134959220886,-0.7690470814704894,-0.7563106417655946,1.3480076789855957,1.0505309104919431
0.0,0.7098360657691956,0.05316178873181343,-1.5629299879074097,1.0592974424362183,1.2786067724227903,0.7436437606811523,0.8839572072029114,0.11880239844322205
0.0,0.4971748888492584,1.0849075317382812,1.580971598625183,0.6346972584724425,1.9543057680130005,-0.5920800566673279,0.33531898260116577,-0.6284671425819397
0.0,1.2775075435638428,-0.6587662696838379,0.6628526449203491,0.6073234677314758,-2.0213944911956787,-1.0626108646392822,1.383878231048584,-0.8595114350318909
0.0,0.7740742564201355,0.7861680388450623,0.0823458656668663,0.7100576758384705,-0.11113353818655014,-1.585457682609558,0.3358765542507172,-1.6087468862533567
0.0,0.4882582426071167,-0.7935571074485779,-1.5061463117599487,0.6098049879074097,-1.1927549839019775,0.0737137496471405,0.25387367606163025,0.12051886320114136
0.0,0.40937328338623047,-0.7433353066444398,-1.4929651021957395,0.6374123692512512,0.3871071338653565,0.037973571568727486,0.6672550439834595,0.04606412723660469
0.0,0.5919134616851808,-0.8237004876136779,-0.9345107674598692,0.47795912623405457,-1.0304228067398071,0.023041659966111183,0.5324246287345886,1.0370199680328367
0.0,0.8209502100944518,1.4836432933807373,0.7031418085098267,1.1820037364959717,0.9777671098709105,-0.8915508985519409,0.33350723981857294,-1.692859411239624
0.0,0.6861415505409241,-0.31283143162727356,-0.2626808285713196,0.43219256401062006,-0.5364248156547545,0.9890648722648621,0.3813110589981079,1.7249150276184082
0.0,0.9048523306846618,-0.4557673335075378,-0.07046246528625488,1.0764858722686768,-1.3048840761184692,-1.6502289772033691,1.1762030124664307,1.0251758098602295
0.0,0.5347739458084105,0.6953266859054564,1.0361403226852417,0.617825984954834,0.26154088973999023,-1.5902222394943235,0.6934795379638672,0.2106102555990219
0.0,0.4290754199028015,0.17965269088745117,0.06423120945692062,0.666440486907959,-0.9137958288192749,1.4288994073867796,0.6345895528793335,-0.6670186519622803
0.0,0.4901309013366699,-1.1013489961624143,0.6661824584007263,0.6695156097412108,-1.5937702655792236,-1.613045573234558,0.5244386792182921,-0.21828648447990415
0.0,0.8206078410148621,0.9271773695945741,1.555917739868164,0.984243392944336,-0.5872935652732849,-0.10054554790258408,0.43084689974784846,-1.4883403778076172
0.0,0.600730836391449,-0.6273649334907532,-1.2689119577407837,0.9215649366378784,0.30166298151016235,0.6612662672996521,0.23985154926776883,-0.9212490916252136
0.0,0.4673810303211212,-0.06954576820135117,-0.9114118814468384,0.7055168151855469,1.1623421907424927,-0.5524288415908812,1.2525848150253296,1.0228190422058103
0.0,0.3689747154712677,0.41763615608215326,0.5405013561248779,0.4412635862827301,-1.3770170211791992,-1.486180543899536,0.6634262204170227,1.6828037500381468
0.0,0.7065871953964232,-0.20744147896766665,1.4381759166717527,1.041757583618164,1.5943739414215088,-0.3906004428863525,0.28535333275794983,-1.1229147911071775
0.0,0.4975593090057373,-0.11581221222877502,1.0252010822296143,0.7333470582962035,0.6384554505348206,-0.08410041034221649,0.7864693403244017,-1.357789397239685
0.0,0.5716524124145508,-0.39295449852943426,1.2712817192077637,0.727953314781189,-1.2057052850723267,-0.0596659630537033,0.6704715490341187,-0.41257685422897333
0.0,0.853525698184967,-0.3954150080680847,-0.5376995801925659,0.976005971431732,0.6620370745658875,1.3330178260803223,1.173261284828186,-1.3846513032913208
0.0,0.38168129324913025,0.5915899276733398,-0.39279061555862427,0.6275377273559569,1.1980215311050415,0.6084918975830078,0.5799662470817566,-1.690177083015442
0.0,1.3015178442001343,0.19020028412342072,-0.13773418962955475,1.889252066612244,1.1282610893249512,1.287647008895874,1.1330351829528809,0.6747018098831177
0.0,0.36626049876213074,0.6675782203674316,0.8988997936248779,0.5346631407737732,-0.08240145444869995,-0.8238589763641356,0.5485503673553467,-1.109149932861328
0.0,2.870394468307495,0.19889783859252927,1.4188319444656372,4.462908744812012,0.0738711506128311,-0.3135202527046204,0.56513911485672,0.2753691077232361
0.0,0.5530476570129395,-0.26078143715858454,-0.7015891075134277,0.6855639815330504,-1.3901238441467283,-1.038926124572754,1.268832445144653,0.823173463344574
0.0,1.3096528053283691,1.1710758209228516,0.15175023674964905,1.9482233524322508,1.520535588264465,-1.1916013956069946,0.5573846101760864,1.0310536623001099
0.0,0.5423194169998169,0.7718623876571654,0.6092055439949036,0.846371591091156,0.6472488045692444,-0.5717961788177489,0.7079406380653381,1.5964891910552979
0.0,0.818452477455139,1.7168198823928833,0.5283533334732056,0.9946773648262026,0.5344236493110657,-1.0785166025161743,0.11752451956272124,-1.6177984476089475
0.0,3.7512495517730713,-0.017324980348348618,-0.822406828403473,1.8335616588592527,-1.4937018156051636,0.9022541046142578,1.4069443941116333,1.081526756286621
0.0,0.6886876821517944,1.0073332786560059,0.9609736204147338,0.7080926895141602,1.65702486038208,-1.1146453619003296,0.6868162155151367,-0.4205714166164398
0.0,0.7765694856643677,-1.2130894660949707,-0.5841177105903625,1.1096284389495847,0.25893020629882807,1.0272198915481567,0.38521853089332575,-0.5409195423126221
0.0,0.6566685438156128,-1.5710829496383667,-1.4525269269943235,0.464878648519516,-0.17139044404029846,-1.33834171295166,1.0631628036499023,0.19148625433444977
0.0,0.43370434641838074,-0.08025336265563965,-1.4270920753479004,0.43250328302383423,0.9952648878097534,0.687567949295044,0.31063261628150934,0.932100236415863
0.0,0.7664790749549866,-0.0775381401181221,0.24063597619533536,0.9599897861480714,-0.3619455695152282,-1.5224751234054563,0.85210919380188,1.6599543094635008
0.0,0.27695924043655396,-1.7012395858764648,-0.8562296628952025,0.4350297749042511,-0.35707521438598633,-0.12878170609474182,0.2441843003034592,0.2053609490394592
0.0,0.8041150569915771,-1.3877387046813965,-1.01597261428833,1.248436689376831,-1.440878987312317,0.31802237033843994,0.3062371611595154,1.4496510028839111
0.0,1.0786134004592896,-1.9251663684844968,-0.39952147006988525,1.4320064783096311,-1.5588406324386597,1.6188464164733887,0.6395072340965271,0.5199652314186096
0.0,0.4146743714809418,-0.35000064969062805,1.3391206264495847,0.45485189557075506,-0.053305484354496,-0.6897780895233153,0.5366843938827515,-0.4285703599452973
0.0,0.4691111445426941,-0.1211562156677246,-0.9166744351387026,0.7777721285820006,1.2443280220031738,1.3563823699951172,0.7092518210411072,-0.025195399299263958
0.0,0.9065061807632446,1.0299453735351562,-1.463736653327942,1.4176145792007446,-0.8111916780471802,0.5185528993606567,0.4918450713157654,0.008686383254826067
0.0,0.9908335208892822,0.3898809850215912,1.4886366128921509,1.2295167446136475,0.6364667415618896,-0.33894240856170654,0.25844472646713257,0.9236724376678466
0.0,0.6613674163818359,1.1012380123138428,0.10456454008817671,0.8229644298553466,-0.8427419662475587,-1.020811915397644,0.5954911112785339,1.4437123537063599
0.0,0.5845435857772827,-0.22565059363842008,-0.6590745449066162,0.5360239148139954,-0.7903624176979066,-0.440072238445282,1.2438850402832031,0.8092817068099974
0.0,0.6436131000518799,-1.900056719779968,0.8634589910507202,0.9305909276008606,0.07444418966770172,0.36338934302330017,0.8853345513343811,-0.6488494873046875
0.0,3.298072099685669,-1.1413090229034424,-1.5348114967346191,0.48602294921875,0.3422670364379883,-0.19225563108921048,3.3963463306427,0.33644720911979675
0.0,1.110808253288269,1.38874614238739,0.6896954774856567,1.7613556385040283,-0.879846453666687,-0.9462023973464964,0.5132876038551331,-1.00118350982666
0.0,0.42582905292510986,-2.0643794536590576,-1.1336538791656494,0.5737330913543701,-0.9109866619110109,-0.4320834875106812,0.6506492495536804,1.3121901750564575
0.0,1.5244208574295044,0.5632612705230713,0.7124134302139281,2.235140323638916,0.6892648935317993,-1.09762442111969,0.6889426708221436,0.023739663884043694
0.0,0.3472038209438324,0.5534394383430481,1.2686753273010252,0.4925074577331543,-0.7813664078712462,1.4921027421951292,0.36947241425514227,-0.8960429430007935
0.0,0.5502672791481018,-1.6667957305908203,1.2179715633392332,0.5856220722198486,-0.9254115223884583,-1.0980660915374756,1.018344163894653,-0.726620376110077
0.0,0.7670366764068604,0.5714702606201172,-0.1010785773396492,1.2090495824813843,-1.4066083431243896,1.5386440753936768,0.20014651119709012,0.9301519393920897
0.0,0.4661652445793152,0.057369723916053765,1.3822922706604004,0.6369709372520447,0.40946784615516657,0.5972899198532104,0.7856803536415101,-0.49963101744651794
0.0,1.0593594312667847,1.0674754381179807,1.3067059516906738,0.5814326405525208,1.6266509294509888,-1.0766725540161133,1.2980899810791016,-0.3024049997329712
0.0,0.4475579857826233,2.02649474143982,0.2594088613986969,0.5520294904708862,0.7492079138755798,1.0293841361999512,1.1370339393615723,-1.2199256420135498
0.0,1.092376708984375,1.4826425313949585,-1.1718335151672363,0.4738232493400574,-0.06364037096500397,1.306931495666504,1.2136470079421997,0.4762736856937408
0.0,1.9115508794784544,-0.24908433854579923,-0.43195712566375727,0.9619419574737549,-0.31065505743026733,1.2259507179260252,1.632235765457153,-1.035728096961975
0.0,1.1351597309112549,1.006677269935608,-0.8516463041305542,1.33231520652771,1.2459014654159544,1.0124790668487549,0.23495671153068545,-0.2942813038825989
0.0,0.5750540494918823,0.8387999534606932,1.0145434141159055,0.8230608105659485,1.1611970663070679,-1.095029592514038,0.7233971357345581,-0.5871835947036743
0.0,0.7236693501472473,-1.2936574220657349,-0.5157023668289185,0.7288704514503478,-1.5920978784561155,1.4944989681243896,0.11992236226797104,-0.9280486702919006
0.0,0.9609021544456482,-0.12776747345924375,0.7654585242271422,1.2594342231750488,0.9729066491127014,-1.3103009462356567,0.4757990837097168,-0.8075040578842163
0.0,0.6491395235061646,0.12595199048519135,1.228772759437561,0.9628719687461853,1.4693851470947263,-0.33467361330986023,0.24017080664634705,-0.3327842652797699
0.0,0.29114001989364624,1.3338178396224976,0.7595940828323363,0.48009130358695984,1.366589903831482,-1.1481958627700803,0.621983528137207,0.7864432334899902
0.0,1.0839017629623413,1.795142650604248,-0.17949774861335754,1.0017447471618652,0.7950645685195923,1.5895026922225952,0.8244218826293945,-1.3787015676498413
0.0,2.6327748298645015,0.2948393225669861,1.0024554729461668,3.6344733238220206,-0.17036974430084229,-0.5913733243942261,0.7170075178146361,-1.0996899604797363
0.0,0.6520001888275145,1.2860623598098755,1.5305161476135252,0.5482043623924255,-0.020410917699337006,-1.0234289169311523,0.502068042755127,1.295362114906311
0.0,0.7809539437294006,-0.11870159208774567,1.225293755531311,0.6721599698066713,-0.8553298115730285,-0.8395273089408873,1.123166799545288,-0.03575780615210533
0.0,0.42929691076278687,-1.2086325883865356,0.6998947858810425,0.6357772946357727,-0.987922430038452,-0.7838433980941772,0.40195316076278687,0.6250180006027222
0.0,0.7637865543365479,0.3320673704147339,0.8055102825164795,1.2845128774642944,-0.7507337927818297,-0.6594351530075073,0.9647970795631408,-1.5357446670532227
0.0,0.4382924735546112,0.9275473952293397,1.6563038825988767,0.6754000782966614,-1.4680399894714355,0.093657486140728,0.36750900745391846,0.41689106822013855
0.0,0.692354142665863,-0.26534003019332886,1.0199108123779297,0.4579698443412781,1.3496111631393433,1.3252056837081907,1.055020809173584,-0.34441432356834406
0.0,0.8494111299514769,1.51884388923645,0.9993742108345032,0.7858145833015443,0.34303319454193115,-1.2515088319778442,1.073360800743103,-1.1506487131118774
0.0,0.57887202501297,-0.44015493988990784,1.3255473375320435,0.6842825412750244,1.6082963943481443,1.1490941047668457,1.6652785539627075,-0.5180452466011047
0.0,0.3840797543525696,0.7798662185668945,-0.5687386393547058,0.6199496388435364,0.8142264485359191,0.9355396628379821,0.2855095565319061,-1.1797072887420654
0.0,0.9162783026695251,-1.6392390727996826,0.7681092023849486,0.8409842252731323,-0.5390642881393433,-1.4349244832992551,0.7982498407363892,-0.09862771630287169
0.0,0.7014299035072327,1.0434757471084595,0.35410052537918085,1.0687520503997803,-1.5074347257614136,1.3972203731536863,0.8255164623260498,-0.40415236353874207
0.0,1.1383143663406372,-0.5822272300720215,-0.224688857793808,1.5534764528274536,-1.7475099563598633,1.4512755870819092,1.1439810991287231,1.1070197820663452
0.0,0.4070409834384918,0.40025028586387634,-0.6324194073677063,0.5329766869544983,-0.2298448532819748,0.9090613722801208,0.6901432871818542,-1.5589473247528076
0.0,0.4766439497470856,0.3215828537940979,-0.5576944947242737,0.7240039110183715,-0.2994025945663452,0.8496674299240112,0.26289719343185425,-1.1345878839492796
0.0,1.6514867544174194,-0.4060878753662109,-1.2371653318405151,2.2535266876220703,-0.6021246314048767,0.409294068813324,0.26976916193962097,-1.3168205022811887
0.0,0.6296360492706299,-1.8004590272903442,-0.07306723296642302,1.0430647134780884,-0.2373983711004257,-1.4175832271575928,0.45752972364425654,1.3616585731506348
0.0,0.5087598562240601,-0.8223668336868286,-0.43729314208030706,0.572372317314148,-1.8206068277359009,1.6030179262161255,0.33756858110427856,0.7027006149291992
0.0,0.4085699915885925,0.3928603529930114,-1.1120349168777464,0.5584496855735779,0.8958637714385985,-0.1095518171787262,0.5256894826889038,1.4359303712844849
0.0,1.2635865211486816,-0.20246832072734833,0.28709110617637634,1.0537943840026855,0.03796258941292762,1.6638970375061035,1.0546387434005735,-1.1445224285125732
0.0,0.4917846620082855,0.028143277391791344,-0.9875559210777282,0.4785998463630676,-0.6353679299354553,-0.01991843059659004,0.3253457248210907,1.147171974182129
0.0,0.39127394556999207,-1.8548072576522827,0.6742667555809021,0.46957594156265253,-1.0469814538955688,-1.3968411684036255,0.13476313650608063,-1.4976677894592283
0.0,0.731011152267456,0.9198362231254577,-0.1082744151353836,1.0018197298049927,-0.9480087161064149,-1.4516693353652954,0.5998512506484985,1.0455636978149414
0.0,1.1399197578430176,-1.374645709991455,0.38941538333892817,1.669663906097412,-1.3160961866378784,-1.3509567975997925,0.9893979430198668,0.4898227453231812
0.0,0.6567462086677551,1.82372522354126,1.0499123334884644,0.6604853272438049,0.6588810086250305,-0.16860127449035645,0.39491817355155934,-1.136133313179016
0.0,0.7965632081031798,-0.35621583461761475,-0.9407010078430176,1.068190574645996,1.4872124195098877,1.6048563718795776,1.122244358062744,0.17709718644618988
0.0,0.5010221004486084,1.4021923542022705,-1.0837010145187376,0.6582052111625671,1.4483531713485716,0.28727585077285767,0.5964044332504272,1.4404009580612183
0.0,0.6276639699935913,-0.13450235128402707,0.08850575238466263,0.7008516788482666,-0.784020721912384,-1.1339133977890015,0.24433025717735288,-0.8351110816001891
0.0,0.7163923978805542,-0.39779645204544073,-1.3712637424468994,0.4929317533969879,1.0652230978012085,1.63825786113739,1.178335189819336,-0.054022181779146194
0.0,0.5770337581634521,-1.5259175300598145,-0.20233432948589325,0.9680129289627075,-0.39933592081069946,-1.5798096656799316,0.637858510017395,-0.0688285157084465
0.0,0.8209311366081237,0.6774985194206238,-1.3424495458602903,1.1425867080688477,-0.21286773681640625,0.4975033402442932,0.6336888074874878,-0.09498173743486403
0.0,0.4891952276229858,-1.2628716230392456,-1.33139431476593,0.7441838979721069,-1.4540187120437622,-0.530142605304718,1.0137810707092283,1.0973281860351562
0.0,0.6934210062026978,0.11964514106512068,1.066357135772705,0.956246018409729,-1.6042573451995847,0.34194669127464294,1.0295612812042236,1.5791919231414795
0.0,0.608194887638092,0.7056825160980225,0.07591816037893294,0.761393666267395,0.7153846621513367,-1.3839222192764282,1.0279171466827393,1.0773266553878784
0.0,0.4327189922332764,-1.8843737840652464,-1.158332109451294,0.5523166060447693,-1.5258386135101318,-0.2734919786453247,0.5578840374946593,1.5762557983398435
0.0,0.4278621971607208,-0.08590177446603775,-0.3419884741306305,0.7008860111236572,1.2534146308898924,1.1406526565551756,0.5799936056137085,-1.315264105796814
0.0,0.8285683393478394,-0.32880374789237976,-1.0443395376205444,0.6070106625556946,-0.7308428287506102,1.535961031913757,0.567711353302002,0.3371652662754059
0.0,2.0509402751922607,0.08016057312488557,0.7129766345024109,1.6837235689163208,-1.02771258354187,-0.9367064237594604,0.5199953317642212,-1.2334696054458618
0.0,0.5926365256309509,0.8587186932563781,1.6819207668304443,0.482304960489273,0.15408778190612793,1.4682248830795288,0.5672587156295776,-0.3615442216396332
0.0,0.591539204120636,-1.5116893053054807,-0.7497748732566833,0.4337226152420044,0.19906131923198697,0.30609607696533203,0.8081216812133789,1.2990434169769287
0.0,0.7444586753845216,0.854556143283844,0.6868903040885925,0.6259862780570984,0.8864145874977111,-1.5841161012649536,0.5065832138061523,-0.5323554277420044
0.0,0.876767098903656,-0.0699545368552208,0.9365328550338744,0.8872201442718506,-2.015199422836304,-0.47059237957000727,0.7774697542190551,-0.8137794137001036
0.0,0.7385846972465515,1.095847725868225,-0.8547718524932861,1.097923755645752,-0.9446392655372621,1.5254546403884888,0.589224636554718,0.047646477818489075
0.0,0.520734429359436,1.6320308446884155,0.39266791939735407,0.8224779367446899,-1.7108997106552124,1.430859327316284,0.42274236679077143,1.5632801055908203
0.0,0.792046308517456,1.2298556566238403,-1.5493510961532593,1.127397537231445,-0.2641969919204712,-0.1283709406852722,0.6355746984481812,-1.527543067932129
0.0,0.4948323965072632,0.8332213163375854,1.2012009620666504,0.5329017043113708,0.9966983199119568,0.2869512438774109,0.7364819645881652,-0.7161173820495604
0.0,0.9449517726898192,0.30303651094436646,0.8048476576805114,1.1132285594940183,-1.7353008985519407,-0.9027141332626343,0.4890971779823303,-1.4734716415405271
0.0,0.8510343432426452,0.7703125476837158,-1.0896317958831787,0.7898132801055907,-0.05511153116822243,0.8916538953781128,0.8467799425125122,0.3232607841491699
0.0,0.886596441268921,0.25631117820739746,1.496698975563049,1.4299514293670654,0.9087976217269896,0.04889967665076256,0.19843509793281555,-0.9533100724220275
0.0,0.3206143379211426,-2.099403619766236,1.0404917001724243,0.5064451098442078,-1.5517640113830566,-1.465571045875549,0.15403929352760315,0.749188721179962
0.0,0.40706008672714233,1.2352291345596311,-0.592831552028656,0.6594523787498474,-0.5706015229225159,-0.34477743506431574,0.8556860685348511,-1.239115834236145
0.0,0.6412261128425598,-1.3533958196640015,1.633547306060791,0.9528559446334839,0.10904669016599657,-1.078919529914856,0.6346169114112854,0.13644006848335266
0.0,0.5187420845031737,-1.1419061422348022,-1.475808024406433,0.790434718132019,-0.5925865173339844,1.0161229372024536,0.4686819911003113,-0.2420819252729416
0.0,0.6942358016967772,-0.3663706779479981,1.372772216796875,0.6952179670333862,1.3640689849853516,-0.41367730498313904,0.6482627987861633,-0.1124560460448265
0.0,0.32807457447052,-0.7755287289619447,-1.582831621170044,0.5451635122299193,0.08549308031797409,-1.1997226476669312,0.7814866900444031,0.23614974319934845
0.0,0.799377977848053,-1.451395869255066,-1.6163561344146729,0.43819919228553766,1.3820034265518188,-0.35610303282737726,0.18587470054626465,-0.311849981546402
0.0,0.4121269583702088,0.859475553035736,-0.3617802262306213,0.48175850510597223,0.5276502370834352,-1.1235008239746092,0.8626127243041992,1.1522771120071411
0.0,0.5101933479309082,1.2120450735092163,-0.13151024281978607,0.5242677927017212,0.847571849822998,0.06968790292739868,0.25319981575012207,-1.2569096088409424
0.0,0.9313018918037415,1.444170832633972,1.6726988554000854,0.7641152739524841,1.4186136722564695,0.5580859184265137,0.30278125405311584,-0.8996856212615967
0.0,0.6204189062118529,0.9336776137351988,0.25390830636024475,0.70887690782547,-1.5281288623809814,0.836439311504364,1.1828960180282593,-1.6337267160415647
0.0,0.5502570867538452,1.41330087184906,-1.3514561653137207,0.45604762434959406,1.227769374847412,-0.8973809480667113,1.313722014427185,0.26992994546890253
0.0,0.3579218685626984,-0.8357524275779725,-0.4709337055683136,0.4640043377876282,-1.6595102548599243,-0.8622016906738281,0.7568253874778748,1.017780065536499
0.0,0.6413075923919678,-1.7328495979309082,-1.3666473627090454,0.7022017240524292,-0.5565942525863647,-0.653555393218994,0.8178566098213197,1.1310173273086548
0.0,0.819380521774292,-1.0536354780197144,0.5547798275947571,0.8992505669593811,-2.0424840450286865,-0.9106366634368896,0.6097846031188965,-1.3883602619171143
0.0,0.5434181094169617,-1.005072832107544,1.051447510719299,0.883482813835144,-0.46534302830696106,-1.2109631299972534,1.128193974494934,-0.08309837430715561
0.0,0.4747215807437897,-1.5921647548675537,-0.8572899103164672,0.602536141872406,0.920026123523712,0.16286045312881467,1.3796823024749756,1.1462335586547852
0.0,0.8328879475593568,0.15423694252967834,0.402958869934082,1.1983050107955933,1.7190743684768677,-1.6741676330566406,0.3052702844142914,-0.7870058417320251
0.0,1.7511558532714844,1.252030611038208,-1.3935344219207764,2.6164746284484863,0.5486162900924683,0.13873903453350067,0.9892736077308655,0.4330860376358032
0.0,0.5551062226295471,0.4021297097206116,-0.10451718419790268,0.7079211473464966,-1.0734341144561768,0.43345966935157776,0.7734494209289551,-1.571205496788025
0.0,1.8222064971923828,-2.0373778343200684,-0.0931703969836235,1.5606701374053955,-0.8562772274017334,-1.093930959701538,0.2495546042919159,-0.37783908843994146
0.0,0.49033841490745533,1.1643484830856323,0.8853872418403625,0.62002032995224,1.7483940124511719,0.20974846184253687,0.7286317348480223,1.5493828058242796
0.0,0.48495462536811834,0.41690710186958313,-0.28722652792930603,0.4887873232364655,1.1301888227462769,1.1019344329833984,0.21753564476966855,1.512823700904846
0.0,1.192394733428955,1.949820160865784,1.1917967796325684,1.998235106468201,0.7103412747383118,-0.34551116824150085,0.34427410364151,0.8483078479766845
0.0,0.5813125371932983,-1.35136079788208,-1.1332672834396362,0.9769939184188842,-0.21108335256576535,0.919010043144226,0.20608580112457275,-1.377134084701538
0.0,1.1964304447174072,0.49787184596061707,-0.3873651623725891,1.9041904211044312,0.9509356021881104,1.1896010637283323,0.6765852570533752,-1.671698808670044
0.0,0.6696666479110718,-0.9216710329055786,-1.1281594038009644,0.9917458295822144,0.41377803683280945,-0.15997208654880524,1.5166767835617063,0.7765583992004393
0.0,0.9132063388824464,0.5645655393600464,-1.6296589374542236,1.2622092962265015,1.0680816173553467,0.3206983506679535,0.7939946651458739,-0.7864263653755189
0.0,0.55044424533844,0.5077458620071411,0.3104125261306762,0.6973865032196045,0.6836860179901123,-1.0778429508209229,0.5590208172798157,1.261855125427246
0.0,0.7440869212150573,0.26352706551551813,0.1855945587158203,0.8322775363922118,0.32343634963035583,1.451899528503418,0.4057750999927521,-0.39178720116615295
0.0,0.4966261684894562,-0.00724301254376769,-1.35125732421875,0.7476661205291747,-1.4710469245910645,-0.16473610699176788,0.6615357995033264,1.4967352151870728
0.0,1.1024098396301267,-0.689243495464325,1.391685366630554,1.662009358406067,-0.9924698472023009,-0.6757107973098755,0.6589361429214478,0.8051257729530334
0.0,0.5867549777030945,1.414511799812317,0.15592272579669952,0.8210550546646118,1.3598099946975708,1.6398369073867796,0.07200062274932861,-1.1233121156692505
0.0,0.5603283643722534,-0.6849960684776306,-1.5578607320785522,0.8053302168846129,0.17034652829170227,0.3301087617874145,0.5988239049911499,-0.6134163141250609
0.0,0.3850803971290588,0.6967267990112305,0.03923691436648369,0.6440126299858093,-1.9976110458374023,-0.3442181646823883,1.061601996421814,1.6119593381881712
0.0,0.5318967700004578,0.18631358444690704,0.7863155007362365,0.6043126583099365,1.2625176906585691,-0.5886074304580688,0.5786116719245912,1.0705490112304688
0.0,0.3757474720478058,1.8396353721618648,-0.5124962329864502,0.5549288392066956,0.2192257642745972,1.589640736579895,1.3624882698059082,0.372358351945877
0.0,1.00143563747406,-1.918523192405701,1.061790347099304,1.4681835174560547,-1.985113739967346,-0.3235119879245758,0.8354042768478394,-0.9181087017059326
0.0,0.6042279601097107,0.34919846057891846,0.28196659684181213,0.874673306941986,-0.7267920970916749,1.4011569023132324,1.0459698438644407,-1.4021196365356443
0.0,0.45854714512825007,0.5596033334732056,-0.4279513955116272,0.6044390797615051,-1.207319974899292,-0.3907473087310791,0.746384561061859,-1.444076418876648
0.0,0.363641768693924,-0.1539257764816284,1.5621744394302368,0.442793607711792,0.17745521664619443,1.373596429824829,0.6333569884300232,1.2120941877365112
0.0,0.2846167981624603,1.570635676383972,1.410090446472168,0.43050175905227667,-0.6176732778549193,-0.8834517002105712,0.8380277752876282,0.25102066993713373
0.0,0.724578320980072,-0.15286704897880554,-1.1552507877349851,0.7042461037635803,-0.433624655008316,1.0524560213088987,0.7386450171470642,-0.33481481671333313
0.0,0.546134889125824,-0.23302121460437772,-0.7991754412651062,0.7989485859870911,-0.5176591873168945,0.12920278310775757,0.2966025173664093,1.4528853893280027
0.0,0.7347514629364013,1.0982612371444702,-0.12114694714546204,1.109024167060852,1.2281070947647095,-1.687511682510376,0.5463327169418335,0.44522988796234125
0.0,3.460172891616821,-1.0880793333053589,-0.915244221687317,4.469658851623535,-0.27154457569122314,0.8332647681236267,0.7763694524765015,1.4344401359558103
0.0,0.5012907385826111,-0.02016735076904297,-0.15422259271144867,0.6970094442367554,-1.15429949760437,0.9196725487709043,0.6624912619590759,-0.9780746698379517
0.0,0.7941214442253112,0.8715173006057739,-0.6763089299201965,0.478606253862381,0.8497301936149597,-1.514801025390625,1.5464814901351929,0.7697477340698241
0.0,0.4521843194961548,1.4841225147247314,-0.8373496532440186,0.6069784760475159,-1.0053048133850095,-0.6746784448623657,0.26507154107093805,0.784853756427765
0.0,0.8447707891464233,0.8864351511001587,0.7368872761726379,1.3411848545074463,0.1836634576320648,-1.279455542564392,0.3397725820541382,-1.281718373298645
0.0,0.7464624643325805,-0.9404065608978271,-0.006497076246887445,0.9798932671546936,1.2465275526046753,1.583402156829834,0.3745554387569427,0.5745339989662169
0.0,0.5462927222251892,-1.8796981573104856,0.8431267142295836,0.45361757278442383,-1.7747862339019775,-0.08663892745971678,0.5498901009559631,-1.072458267211914
0.0,1.4608688354492188,-0.04780454933643341,-0.17064417898654935,1.0370194911956787,-1.3297384977340698,-1.451161503791809,0.08984399586915971,1.5359489917755127
0.0,0.36023250222206116,-0.547199010848999,-0.336353212594986,0.5952352285385132,-0.4440911412239074,0.7354176640510558,0.4742222130298615,1.1714122295379639
0.0,0.7577941417694091,1.2045862674713135,0.5524715781211853,0.7259047031402589,1.5753768682479858,-1.632258415222168,0.6561574935913086,-1.0979570150375366
0.0,0.4763434827327728,0.2638003528118133,-0.2946691811084748,0.4477459192276001,1.3669276237487793,0.5021398067474365,0.7792006134986876,1.582360029220581
0.0,0.810546636581421,-1.81074333190918,0.9520775079727172,0.6686819791793823,0.4873337149620056,-1.3986411094665527,0.8148385286331176,-0.02266446687281132
0.0,0.33063599467277527,0.6492093205451965,0.9552140831947327,0.5512323379516602,0.9129001498222352,1.1116347312927246,0.6541883945465088,-0.4595076143741608
0.0,0.6372693777084352,0.10626789182424544,0.78066086769104,0.9205277562141417,-0.22785122692584991,1.6611530780792236,0.1017085313796997,-0.38048720359802246
0.0,0.9717309474945068,-0.045720428228378296,0.15384255349636075,1.5423460006713867,-1.6438579559326172,1.6987892389297483,0.7166346311569214,-1.0557241439819336
0.0,0.7533294558525084,0.17542290687561035,-1.2507718801498413,0.8951960802078246,-1.9664543867111208,0.2421860247850418,0.4668097794055938,1.7011770009994507
0.0,0.5382914543151855,-0.06867087632417679,0.6730961203575134,0.5093615651130676,1.5120091438293457,0.4036793112754822,0.3914918601512909,-1.3734363317489624
0.0,0.7044203877449036,1.7865400314331055,-1.072993755340576,1.0969058275222778,0.3119672238826752,1.0251219272613523,0.2581300139427185,-0.8640868663787842
0.0,1.2035914659500122,0.36591413617134094,-0.21326419711112976,1.4457941055297852,-1.0843249559402464,1.5508950948715208,0.4417015612125397,0.7884798645973204
0.0,0.7552568912506102,-0.14405512809753415,-0.3622479438781738,0.9068408012390136,-1.1981674432754517,1.1116456985473633,0.9507179856300354,1.5168747901916504
0.0,0.7239812016487122,-0.46875694394111633,0.37655058503150934,0.5482750535011292,-0.9300413727760315,-0.2503306567668915,0.6093353629112244,-1.6211651563644407
0.0,0.31923684477806086,1.5142440795898435,-1.1769801378250122,0.5253928303718567,0.3710839748382568,0.9229409694671632,0.6513002514839172,0.4120402634143829
0.0,1.65645170211792,-0.32675275206565857,1.2193795442581177,1.4960393905639648,-1.212164044380188,-0.1987277865409851,1.1059635877609253,-0.8370317816734315
0.0,0.5336739420890808,1.1534923315048216,-0.2295565754175186,0.7222381234169006,0.8898087143898009,1.5137006044387815,0.7197062969207764,0.4756152033805847
0.0,0.47875341773033137,0.524955153465271,1.403303861618042,0.7017709612846376,-0.6258100867271423,-0.5404335856437683,0.7715350389480592,-0.3216973543167114
0.0,0.4903893768787384,-0.7928196787834166,0.7299570441246032,0.7840659618377684,0.4375409185886383,-1.0288614034652708,0.3716809749603272,-0.7374600768089294
0.0,0.3943395018577576,-0.9953602552413939,0.4598546028137207,0.4854186177253723,1.17167592048645,-1.4803118705749512,0.5078043341636658,1.2729045152664185
0.0,0.2988663613796234,1.3767294883728027,-0.18834634125232697,0.45295965671539307,0.7720662355422973,-1.4504382610321045,0.37222257256507874,1.737134575843811
0.0,0.6799556612968445,0.6415300965309143,-0.021725283935666084,1.0222139358520508,-0.10676981508731842,-0.9019743204116819,0.9029300808906556,1.3189179897308347
0.0,0.5068604350090027,-1.1014498472213743,-1.4238396883010864,0.5160046815872192,-1.2805815935134888,0.10202718526124954,0.4181177318096161,1.146724820137024
0.0,0.7781901359558105,0.08354894071817398,-1.3523340225219727,0.6377809643745422,-0.32316628098487854,0.5988854765892029,0.5843422412872313,0.16345705091953275
0.0,0.3499663770198822,-1.2031835317611694,-0.25889045000076294,0.5276750922203064,0.608375608921051,-1.5097492933273315,0.21761317551136017,0.021649159491062164
0.0,1.075518488883972,1.775339126586914,0.7655358910560608,1.8051483631134035,0.1570419669151306,-1.1478701829910278,0.594106912612915,1.3295975923538208
0.0,0.395130068063736,-0.34012579917907715,1.5073952674865723,0.6017390489578247,-1.2345141172409055,-0.7483935952186584,0.5634664297103882,-0.2068926841020584
0.0,0.805917739868164,-1.0203858613967896,-0.25563961267471313,0.8845114707946777,-0.5654683113098145,-1.655639410018921,0.6213690042495728,-0.5778174996376038
0.0,1.2337404489517212,-1.7128525972366333,0.4708159267902374,0.7386122345924377,-0.6381021738052368,1.6318923234939575,1.1767503023147583,-0.9407538771629331
0.0,1.03357195854187,-0.3966460824012756,0.22087241709232328,1.0262749195098877,0.5350802540779114,-1.6850106716156004,0.41395941376686096,1.1226887702941895
0.0,0.6691230535507202,1.7315022945404053,0.8524977564811705,0.8973411917686462,2.0032155513763428,-0.4836940467357635,0.35852196812629694,1.5561935901641843
0.0,0.5675404071807861,-0.5992001891136169,1.1087610721588135,0.5875163674354553,0.1641531139612198,0.18745942413806915,1.0374605655670166,-0.9547726511955261
0.0,0.4265076518058777,-1.685514450073242,-1.6749897003173828,0.6742386221885681,-1.87712025642395,0.2622931897640228,0.7544013261795045,0.775018572807312
0.0,0.5366886258125305,1.8324285745620728,-1.3855328559875488,0.5039528608322144,0.5191543102264404,0.08420293033123016,0.5174561142921448,-1.190304160118103
0.0,0.7139748334884644,1.1788963079452515,-1.4872883558273315,0.5677435398101808,1.8052945137023924,1.0796741247177124,1.0122178792953491,-0.33959332108497614
0.0,0.4325088858604431,-1.0892060995101929,0.8392225503921508,0.5845162868499756,-1.6522361040115356,-1.677507758140564,0.7871956229209901,-0.8021615147590637
0.0,0.7800857424736024,-0.38783919811248774,0.7360037565231323,0.7446188926696777,-0.5437089800834656,1.3230084180831907,0.7111788392066956,-0.6663397550582886
0.0,0.6195774674415588,0.26146852970123285,-1.165880799293518,0.8775748014450073,-1.363926649093628,-1.2182563543319702,1.143194317817688,0.02830585464835167
0.0,1.339035391807556,0.4963573515415192,1.1243941783905027,0.7748320698738098,1.3985785245895384,0.0751044675707817,0.9542731046676637,-0.6830132603645325
0.0,0.5619032382965088,1.312584638595581,1.7154067754745483,0.7219895124435424,1.9152735471725464,0.12886159121990204,0.4337942898273468,-0.006987704895436764
0.0,0.4264987111091614,0.3499182462692261,0.27575480937957764,0.4700259566307068,1.3575197458267212,-1.2915077209472656,0.46925890445709223,1.4267960786819458
0.0,0.8353372812271118,-0.8042837977409362,1.5159543752670288,0.5135552883148192,0.0617976076900959,0.3515988886356354,0.8997922539710999,-0.6602796912193297
0.0,0.5286147594451904,-1.4170361757278442,-0.4229599833488464,0.6329079270362854,-1.3392616510391235,1.080529808998108,0.8236944675445556,1.408682107925415
0.0,0.637192964553833,1.1368422508239746,-0.2512180805206299,0.6493077874183655,0.8491206765174866,-0.15489231050014496,0.47637602686882013,-0.8848114013671875
0.0,0.40088692307472235,-0.5435351729393004,0.2698356807231903,0.6157537698745728,-1.5333683490753172,-0.6198557615280151,0.5809878706932068,-1.354869723320007
0.0,0.3537805378437042,-0.2823449671268463,0.2050665616989136,0.5407148003578186,-1.3035907745361328,-1.2665035724639893,0.3485019505023956,-1.7136059999465942
0.0,0.41150820255279535,-0.5214022994041443,-0.8244997262954712,0.5465414524078369,0.9276958107948304,0.0548936203122139,0.9249529242515566,1.4625660181045532
0.0,0.7614784240722656,-0.46525198221206665,-0.4270651042461395,1.0853383541107176,-1.3568665981292725,1.5871287584304807,0.5749060511589049,-1.1722840070724487
0.0,0.6131904125213623,-1.645882248878479,-0.15644578635692596,0.6047776937484741,-0.10388235002756117,-1.6724781990051267,0.14342977106571195,-0.662857174873352
0.0,0.5379286408424377,-0.8242739439010621,-0.5926879644393921,0.5742537975311279,-0.1135176494717598,0.07185817509889603,0.7538061141967772,1.6638617515563965
0.0,0.8434913754463197,-0.9149605631828307,-1.7295700311660767,1.3432291746139526,1.0900361537933347,-0.025809520855546,0.2899574637413025,0.572403609752655
0.0,0.3095678389072418,0.9971834421157838,-0.2896716892719269,0.5177018642425537,1.1223297119140625,-0.8781902790069581,0.8062734007835389,0.8993383049964904
0.0,1.0089366436004639,0.3564286231994629,-1.096087098121643,1.265376567840576,-1.360343098640442,0.4062868356704712,0.5765730142593384,1.452664494514465
0.0,0.39767241477966314,-0.016455644741654396,-1.0839827060699463,0.5984174609184265,-1.4367269277572632,-0.1141076683998108,0.4262644350528717,-0.976965308189392
0.0,0.7023898363113403,0.3886255025863648,0.5260263085365297,0.5873427987098694,0.6817088723182678,-0.8980876803398131,1.1876277923583984,1.5854287147521973
0.0,0.6356182098388672,1.7144402265548706,1.543973445892334,0.6886583566665649,1.4847162961959839,0.8444445729255676,0.13433557748794556,-0.13705341517925262
0.0,0.541536509990692,1.9701701402664185,1.0530654191970823,0.6862690448760985,1.975115180015564,0.21990031003952024,0.8796221613883971,-0.7639632225036621
0.0,0.5093836784362793,1.6485295295715332,-0.3438914120197296,0.519741952419281,1.4937453269958496,-1.4034552574157715,0.4833140969276428,0.4855508804321289
0.0,0.34477224946022034,1.4944658279418943,0.6780604720115662,0.4786319732666016,-1.1536321640014648,1.6859145164489746,0.39932161569595337,-0.5947669744491577
0.0,0.38634839653968805,1.951350688934326,0.3966929614543914,0.6060248613357544,1.4071297645568848,-0.30765098333358765,0.47712284326553345,1.1400686502456665
0.0,0.5348808765411377,-0.09029134362936019,1.1693274974822998,0.8662922382354736,-0.03679612651467323,-0.7853561639785767,0.6082350611686707,-0.016910599544644356
0.0,0.5481221675872803,-1.3034791946411133,-1.1863014698028564,0.8450472950935363,-1.0310819149017332,0.5813069343566896,0.2778257727622986,1.0130280256271362
0.0,0.6326099038124084,-0.7549777030944824,-1.2833963632583618,1.05560302734375,-0.1381092667579651,0.5371043086051941,0.6344607472419739,0.020067252218723297
0.0,1.5192267894744873,0.8481063842773436,1.174705982208252,1.8416512012481687,0.7124773859977721,-0.19937483966350555,1.5370407104492188,-1.0263234376907349
0.0,0.4248144030570984,0.48488816618919367,0.4885258376598358,0.47482186555862427,-0.023232227191329,-1.388013243675232,1.0390466451644895,-0.23047618567943573
0.0,0.3553527891635895,2.0544466972351074,-1.4760619401931763,0.48820444941520685,0.8185259699821472,-0.09360244870185853,0.47698149085044866,-1.7036051750183103
0.0,0.8577256202697755,-1.8426222801208496,0.3298458755016327,1.260338544845581,-1.718635320663452,-1.0496422052383423,0.7541014552116394,-1.3610566854476929
0.0,0.5834563970565796,1.4760246276855469,1.0204133987426756,0.7406266331672668,1.5013571977615356,-0.43343445658683777,0.25790083408355713,-1.1969159841537476
0.0,1.0008411407470703,-1.8871740102767944,-1.6922683715820312,0.8356955051422118,-0.33604905009269714,0.0779471844434738,0.7429047226905823,-0.40535223484039307
0.0,0.5677745938301086,1.116164207458496,-0.4716797173023224,0.5086394548416138,1.7189425230026243,1.1472004652023315,0.21020075678825376,-0.9941079020500184
0.0,0.6105665564537048,0.9566345810890196,-0.18655882775783536,0.8801741600036621,1.6450053453445435,0.8778129816055299,0.13233453035354614,1.5606530904769895
0.0,0.6885349154472351,0.028805242851376534,-0.32991114258766174,1.1354807615280151,-0.6353753805160521,-1.7037707567214964,0.2780184745788574,1.3906619548797607
0.0,0.7557241320610046,1.5645643472671509,0.5413296818733215,1.161551594734192,1.9044404029846191,-1.6312700510025024,0.5626226663589478,1.3116989135742188
0.0,0.5478026270866394,1.810119390487671,-0.7493109703063965,0.7470875382423402,1.5332140922546387,0.4557729959487915,0.2619975805282593,-1.6608260869979858
0.0,0.6034144759178162,-0.20024746656417847,0.2624625861644745,0.8867807984352112,0.6948807835578918,-1.2578964233398435,0.5695630311965942,-0.5858203172683716
0.0,1.5742363929748535,-1.909474849700928,-1.34579598903656,0.6229625940322876,-0.6669462919235228,1.2196789979934692,1.0610568523406982,0.4333845973014832
0.0,1.0297361612319946,1.3116344213485716,-0.4493147134780884,0.45818841457366943,0.6434946656227112,0.46406430006027216,1.58543062210083,1.1722068786621092
0.0,0.3797436654567719,-0.41943904757499695,-0.6342361569404602,0.4364762604236602,0.6832749843597412,-0.23961290717124936,0.6017599105834961,0.897136151790619
0.0,0.6380739808082581,-0.16200777888298035,1.2876325845718384,0.6336879730224608,-1.00861656665802,-0.7022885084152222,0.10288622975349426,-0.10978365689516068
0.0,0.6185194849967957,0.5350174903869629,1.3549855947494507,0.5861341953277588,0.8408743143081666,-1.1300100088119507,0.5080620646476746,0.5191345810890198
0.0,0.671200692653656,-0.00204145978204906,0.7299736142158508,0.4775583446025848,0.04161273315548897,-0.8932678699493408,0.8819013833999634,-1.2505956888198853
0.0,0.6953700780868529,1.3516535758972168,1.1885278224945068,0.8868430256843568,-1.0478299856185913,-0.1570548564195633,1.3379398584365845,-1.1347037553787231
0.0,0.5811266899108887,2.0141921043396,0.5325092673301697,0.8986055254936217,0.7647235393524171,0.5867229104042053,0.9343880414962769,1.3857388496398924
0.0,0.7839622497558594,-1.3503096103668213,0.9137376546859741,0.7601487040519713,-1.1024322509765625,-0.514086127281189,0.21453236043453217,1.049763798713684
0.0,1.9067513942718504,0.02437136135995388,1.2185237407684326,2.8967056274414062,-0.7557902932167053,-0.7023215889930725,0.9746893644332884,0.1213456392288208
0.0,0.730098307132721,1.5799278020858765,0.8489966988563538,0.5731566548347473,-0.6169986128807068,-1.3928937911987305,0.8584475517272949,-0.4006879925727844
0.0,0.39403268694877613,0.6549266576766968,-1.2848707437515259,0.44599300622940063,1.5252972841262815,0.996772050857544,0.3155993223190308,0.2798401713371277
0.0,1.0073617696762085,1.2830266952514648,-1.5902256965637207,0.9150890111923216,-0.8602479696273804,0.28618931770324707,0.522825300693512,-0.21872416138648984
0.0,0.4941844046115875,1.32265043258667,-0.1085091009736061,0.6623303294181824,1.2731037139892578,0.9002555012702941,0.6968796253204346,1.7259472608566284
0.0,0.6165551543235779,1.3051090240478516,-1.198731780052185,0.9906272292137146,1.2387754917144775,0.2601853013038635,0.30998158454895014,0.553290069103241
0.0,0.3913668692111969,1.4826005697250366,-0.9959936738014221,0.6287463903427124,1.0596210956573486,-1.2303526401519775,1.041190266609192,1.2076567411422727
0.0,0.39719629287719727,0.9379662871360778,0.33937424421310425,0.5852106213569641,0.9745872020721437,-0.19334931671619413,0.5093231201171875,-1.6365636587142944
0.0,0.522185742855072,0.9378486275672911,-1.3975157737731931,0.7598443627357483,-0.3022447526454925,0.5480395555496216,1.0569692850112915,-0.6249293088912964
0.0,1.840997099876404,-1.109497308731079,0.4877521991729736,1.9669761657714844,-1.5501987934112549,-1.3737748861312866,0.2746594548225403,-0.9494190216064451
0.0,0.42865654826164246,-0.7973420619964598,0.40117079019546503,0.6301885843276978,-0.7426933646202086,-1.342852234840393,0.6201410293579102,-1.4224578142166135
0.0,0.41981503367424006,-1.0984141826629639,0.6313214898109436,0.5444155931472777,0.8850141763687133,1.71558940410614,0.7288119196891784,-0.5415856838226318
0.0,1.106845140457153,-1.4303729534149168,0.34292328357696533,1.6451551914215088,0.21639926731586456,1.6586687564849851,0.6709128022193909,-1.039939284324646
0.0,0.47354018688201904,1.3707255125045776,0.2927297055721283,0.6042162775993347,0.31278938055038447,1.531367540359497,0.246652826666832,-0.8714548945426942
0.0,0.9073489308357239,1.8066631555557249,-1.038375735282898,0.7911868691444398,-1.269221305847168,1.3748884201049805,1.2921952009201048,0.6160548329353333
0.0,0.4297285079956055,0.25893399119377136,-0.7144942283630371,0.6253647804260254,0.04406901076436042,0.4034926891326904,0.0774269253015518,0.7658236026763917
0.0,0.4102860987186432,-0.7432629466056823,0.15469518303871155,0.4384477436542511,-1.0340723991394043,0.8884849548339844,0.8275288939476013,-1.0518938302993774
0.0,0.7731907367706298,0.010846787132322788,0.2452883273363113,0.7584921717643738,1.1515420675277708,1.4473613500595093,1.2748185396194458,1.0870845317840576
0.0,0.6943605542182921,1.2396186590194702,1.603369116783142,0.8970390558242797,1.6134616136550903,-0.7837164402008056,0.6517632007598877,-0.012945725582540035
0.0,0.5945614576339722,1.1390622854232788,-0.7952105402946472,0.8799985051155089,1.0043351650238037,1.0813745260238647,0.3488200604915619,0.9094439148902893
0.0,2.2504186630249023,-1.10451078414917,0.10117121785879137,3.5439560413360596,-2.0366268157958984,-1.6948654651641843,0.6437327861785889,-0.9708114266395568
0.0,0.649212121963501,0.7747425436973571,1.0134665966033936,0.5491536855697632,-1.2180955410003662,-0.2210852801799774,0.20401178300380704,-0.9221431612968445
0.0,0.5074830055236816,1.7625067234039307,-0.7269520759582518,0.7322927713394165,0.7709812521934509,-1.487395167350769,0.6802715063095093,1.17268168926239
0.0,2.4070961475372314,1.5131173133850095,0.07054074853658676,1.2160334587097168,-0.5952483415603638,1.3589107990264893,0.8646764755249022,-1.3792644739151
0.0,0.45938482880592346,-1.4005794525146484,1.70085608959198,0.5204341411590576,-1.3842666149139404,-0.3698760569095612,0.7598742842674254,1.283915400505066
0.0,0.6742001175880432,-1.0326379537582395,0.6102436780929564,0.9319924116134644,-1.538525342941284,1.7220267057418823,0.7142174243927002,-0.6436724662780762
0.0,0.7050136327743529,-1.6308467388153076,-0.5329346060752869,0.757200002670288,0.8144357204437255,1.2131091356277464,0.2188275009393692,0.2693128883838653
0.0,0.5085600018501282,-0.6032130718231201,1.5427587032318115,0.7401123046875,0.6261575818061829,-0.5208790302276611,0.1921514868736267,0.4219824969768524
0.0,2.5588469505310054,0.5088920593261719,-1.5512783527374268,3.789514303207397,-1.1528413295745847,0.15591901540756223,0.13868314027786255,1.0237407684326172
0.0,1.8150898218154907,-0.9379343390464783,1.3674654960632324,2.294156551361084,0.04089675843715668,-0.6847153902053833,0.6195366978645325,-0.031349021941423416
0.0,0.6111496686935425,-1.694916009902954,-0.9919239282608032,0.7577335834503175,-0.781867265701294,0.3608486354351044,0.3913824260234833,1.5312522649765015
0.0,1.253235101699829,-0.8072631359100341,1.1272602081298828,1.2578098773956299,-0.9934914112091064,-0.23048794269561768,0.1901071071624756,-0.9343074560165405
0.0,0.5578370094299316,1.9593056440353396,-1.187477707862854,0.7261403799057008,-0.8029296398162842,0.5287981033325195,0.688786506652832,-0.7502204179763795
0.0,0.8888650536537169,1.3824057579040527,1.2471612691879272,1.0986758470535278,-0.6897675395011902,-1.1723774671554563,1.5161980390548706,-0.008755556307733059
0.0,0.6197556853294373,1.626960039138794,1.7099674940109253,0.4896080791950226,1.3977382183074951,-1.2291159629821775,0.5209975838661194,-0.07522635906934738
0.0,0.6930848956108093,1.338484764099121,-1.043185472488403,0.8471794724464417,1.9601383209228516,1.7054363489151,0.39406871795654297,0.18238070607185364
0.0,0.4138850867748261,1.1243799924850464,0.10789436101913452,0.45316538214683527,0.6737887263298035,1.587459921836853,0.47856974601745605,1.5509722232818604
0.0,0.7089652419090271,1.0812915563583374,-0.8747286200523376,0.7330792546272279,0.257266104221344,0.21462176740169525,1.0603443384170532,1.5511213541030884
0.0,0.6545667052268982,-0.4999321401119232,-1.4024746417999268,0.5159125328063965,0.5299025774002075,0.34003257751464844,0.04359731823205948,1.619940161705017
0.0,0.9109848141670227,0.6814272403717041,0.5631569027900696,1.414640188217163,0.6101253628730774,-1.092313289642334,0.6321586966514587,-0.1288033425807953
0.0,0.8933653831481932,-0.5690509676933289,0.9656563401222227,0.8214386105537415,1.499240159988403,-0.458108514547348,0.4178440868854522,-1.08472740650177
0.0,0.9613782763481139,-0.3906175792217255,0.2195013016462326,1.1422759294509888,-1.0559610128402708,-1.426013708114624,0.045713294297456734,0.25158083438873285
0.0,0.32262963056564326,-1.299106478691101,-1.449975609779358,0.5226927995681763,-1.6680284738540647,-0.9948582053184509,0.7943697571754454,0.8052195906639099
0.0,0.9810575246810912,-0.5295760035514832,0.9169901609420776,1.618700623512268,-1.064504027366638,-0.48808538913726807,0.5516072511672974,-0.4521124660968781
0.0,0.8768828511238098,-0.06855836510658264,-0.3810075521469116,1.2213329076766968,-0.7038794159889221,1.0418171882629395,0.9071123003959656,-1.1658320426940916
0.0,1.0486706495285034,-0.499988466501236,0.553333044052124,1.080289602279663,-1.8258790969848633,-1.265112280845642,0.2041383385658264,-1.490735650062561
0.0,0.7478616237640381,-0.6522769927978516,0.5716277360916138,1.1163101196289062,-0.9869008660316467,-1.0350228548049927,0.29350802302360535,-0.025752782821655277
0.0,1.6274255514144895,1.2102540731430051,1.3646160364151,2.450204610824585,0.6591199636459352,-0.39617493748664856,0.699772298336029,-0.04935460165143013
0.0,0.3044157028198242,-1.5539367198944092,-1.3353867530822752,0.4469187557697296,-0.8439283370971679,1.2506293058395384,0.35010960698127747,1.2735999822616575
0.0,0.8554888367652893,-1.7847590446472168,1.056130290031433,1.2596313953399658,-0.9478850960731505,-0.829771876335144,0.5132179856300354,-1.2223706245422363
0.0,0.4080785512924194,1.304082989692688,-0.9168677330017088,0.44316434860229487,-0.5286727547645569,0.6841725707054137,0.20248734951019287,0.05347810685634613
0.0,0.9663955569267274,-0.8604273796081544,-0.1658145636320114,0.8301346302032471,-1.0457128286361694,-1.0451592206954956,0.4417346119880676,1.4802329540252683
0.0,0.9151439666748048,0.30403131246566767,-1.3576794862747192,0.9700293540954589,-0.8813623189926147,0.6247895956039429,0.9463909268379213,-0.34980931878089905
0.0,0.5025103092193604,-1.6600263118743896,0.6106246709823608,0.8245822787284851,-0.9530174732208254,-0.33126333355903625,1.1073534488677979,-1.226647973060608
0.0,0.7045069932937622,-0.24893800914287567,-1.0351618528366089,0.8367627263069152,-0.028634618967771527,0.3473969101905823,0.4451734125614166,0.8444775342941283
0.0,0.45818558335304255,0.051974840462207794,0.05766820907592773,0.6430568695068359,0.9895887970924376,0.8570543527603148,0.43071687221527094,-1.1451516151428223
0.0,1.748024344444275,1.3395612239837646,0.7191006541252136,2.765279769897461,1.280946373939514,-1.1613135337829588,0.1769116073846817,-1.3485337495803833
0.0,0.6854375004768372,-0.35274538397789,0.8457111120223998,0.9541074037551882,0.6773846745491028,-0.8179957270622252,0.48449763655662537,-1.1942558288574219
0.0,0.9643764495849608,-1.3319777250289917,1.3552616834640503,0.6788073182106018,-0.5970895290374756,-0.16388531029224396,1.079946517944336,-0.7716735005378723
0.0,0.4972779750823975,-0.5415833592414856,0.3547184467315674,0.562664806842804,0.7932900786399841,-0.5883257985115051,0.3331868350505829,-1.4603580236434937
0.0,0.5964188575744629,0.23134279251098633,-1.70026433467865,0.8892194628715515,1.2555235624313354,0.39107617735862726,0.7240618467330932,-0.748652994632721
0.0,0.3168230950832367,-1.4641441106796265,-0.459607869386673,0.5073150992393494,-0.21446429193019864,-1.1403065919876099,0.8472383022308348,0.7171553373336792
0.0,0.3553031384944916,-1.3009144067764282,-1.6172397136688232,0.5154625177383423,-1.5584039688110352,-0.8951615691184996,0.4450787901878357,0.9046642780303955
0.0,0.9203407168388367,1.7485393285751343,-0.734125256538391,1.1445367336273191,1.1362191438674927,1.1216607093811035,0.6574801206588745,1.6408909559249876
0.0,1.34195077419281,-0.13583940267562866,-1.1006925106048584,0.7761456370353698,-0.37767460942268366,0.905389964580536,1.3003133535385132,0.25792792439460754
0.0,1.225748062133789,-0.23334833979606628,1.2057511806488037,1.7273836135864256,-0.04176568984985352,-0.4373819231987,0.2495763003826141,-1.1587398052215576
0.0,0.46826836466789246,0.13069389760494232,-0.5944329500198364,0.46658656001091,0.01847984455525875,1.4627259969711304,0.8866902589797973,0.7620871067047118
0.0,0.8593423962593079,0.7135534286499025,-0.4797811508178711,1.3054536581039429,1.2685480117797852,1.30798602104187,0.3538346290588379,0.13262630999088287
0.0,0.47381260991096497,-0.4061189591884613,1.4031769037246704,0.5392254590988159,-0.6279520392417908,-1.5533424615859983,0.7268416881561278,-0.1196574866771698
0.0,1.9903926849365237,0.7689948678016663,1.702932357788086,2.8598043918609615,-0.10057556629180908,-0.3213588297367096,0.7866472005844115,0.894348919391632
0.0,0.8217968344688414,1.3840792179107666,-1.084529399871826,0.7901389598846436,-0.4408585131168365,-0.029739415273070332,0.593910813331604,1.4276460409164429
0.0,0.687862753868103,-1.0593537092208862,-1.1422739028930664,0.7173779606819153,-1.8863221406936643,0.06969673186540604,0.3911144435405731,-1.511934757232666
0.0,0.369174599647522,0.9469051957130432,-0.3131985366344452,0.6095286011695862,1.0094096660614011,0.5200088024139404,0.6554802060127257,1.255000352859497
0.0,1.0319322347640991,-1.0566712617874143,1.0705981254577637,0.648150622844696,-1.541499376296997,-1.5547226667404175,1.5068711042404175,-0.4033984541893005
0.0,0.5689573287963867,1.7930150032043457,-1.2321072816848755,0.6651483178138733,1.6211313009262085,1.6015052795410156,0.21490976214408877,-1.3783483505249023
0.0,0.6460625529289246,0.1130380779504776,0.9808089733123779,0.4707952737808228,1.333950400352478,1.6924898624420166,1.2659592628479004,-0.449329137802124
0.0,1.1402329206466675,-0.006995951756834984,-1.6228336095809937,0.4777533710002899,-0.059660784900188446,0.35035392642021174,0.6567640900611876,-1.0860134363174438
0.0,0.45206844806671137,1.0290455818176267,-1.1326158046722412,0.5560067296028137,-0.8054381608963012,-1.6511013507843015,0.9662827253341674,0.8600471615791322
0.0,0.4319818317890167,0.2029888778924942,1.1107103824615479,0.6160130500793457,0.9571142196655272,-0.4589979350566864,0.4352366328239441,0.3836859464645386
0.0,0.8689579963684082,-1.8836588859558103,0.3223678767681122,0.8785070180892944,-0.5189937949180603,1.5366289615631104,0.946734070777893,-1.0624133348464964
0.0,0.5910019278526306,-0.7045927047729492,0.6827100515365601,0.8018372654914856,0.607191801071167,-1.1202712059020996,0.5051169395446777,-0.32727283239364624
0.0,0.8348089456558228,-1.41616153717041,-0.21315100789070127,0.7867081761360168,1.2864576578140259,1.0072728395462036,0.49624964594841,0.7869731187820433
0.0,0.4488004744052887,0.7316911220550537,-0.8451247215270995,0.703208863735199,-0.7026733756065369,-0.41321632266044617,0.6034815907478333,1.1026983261108398
0.0,3.168689250946045,1.136177897453308,-0.5517444610595703,5.0435571670532235,-1.0331496000289917,1.2407522201538084,0.32851430773735046,0.07204659283161163
0.0,0.6327932476997375,0.09828342497348784,-1.224420428276062,0.608394980430603,0.8823531866073608,0.0679173395037651,0.43184566497802734,0.7708349823951721
0.0,0.6090999841690063,0.4714831411838531,0.406221866607666,0.916775405406952,1.22818124294281,1.7036144733428955,0.4578261971473694,-0.8410221338272095
0.0,0.8794099688529968,1.0228145122528076,-0.1342928409576416,0.599058210849762,-0.5530666708946228,-1.0645983219146729,1.2797898054122925,1.678316593170166
0.0,0.574982762336731,-0.050336454063653946,-1.0110965967178345,0.856421947479248,1.522817611694336,1.632063388824463,0.5844825506210327,-1.5009241104125977
0.0,0.6839225888252257,0.3014976680278778,0.4756035804748535,0.5485751032829285,1.6269803047180176,-1.1801288127899168,0.4619992673397064,1.1538833379745483
0.0,0.6037569046020508,-0.036319609731435776,1.6046557426452637,0.8378491997718811,-1.4368587732315063,0.2955726981163025,0.738608479499817,-0.7495085000991821
0.0,0.6639606952667236,0.5352841019630432,-1.1415283679962158,0.6868326663970947,0.9259657859802246,-0.14930459856987,0.8841419219970702,1.2001782655715942
0.0,1.7407293319702148,0.1775815337896347,-1.5086644887924194,1.4208310842514038,1.4293560981750488,0.12275159358978271,0.9074395895004272,0.2685771882534027
0.0,0.7939597368240355,-2.0488059520721436,1.695991039276123,1.056308031082153,0.17073455452919006,0.1236249953508377,0.09267157316207884,1.017261266708374
0.0,0.3977844417095184,0.2139291614294052,0.9063049554824829,0.5157239437103271,-0.6844317317008972,1.4589773416519165,0.9606809616088867,-0.9108288288116456
0.0,0.8021150827407838,1.94844114780426,-0.41440349817276,0.5554260015487671,0.7988211512565613,1.6515854597091675,0.5264442563056946,0.5167309641838074
0.0,0.8213422894477843,0.2095833271741867,1.700800895690918,0.983210563659668,0.7103947997093201,0.25639739632606506,0.7353065013885498,-0.14216306805610657
0.0,0.6146124005317688,0.8502423167228698,1.4742791652679443,0.8466224074363708,-0.2793460786342621,-0.38235053420066833,0.30163875222206116,1.2027997970581055
0.0,0.9394991993904112,0.8182244300842285,0.912053406238556,1.5340420007705688,-0.11143918335437775,-0.7534728646278381,0.74006450176239,1.696855545043945
0.0,1.6004490852355957,1.3111971616744995,-1.694637417793274,2.239490270614624,0.5257678627967833,-0.13639891147613523,0.9676407575607299,0.8681824803352357
0.0,0.5837517380714417,-1.655359387397766,-1.6134405136108398,0.7935998439788817,-1.0939306020736694,-0.07855354994535446,0.27837762236595154,0.7886123657226561
0.0,2.0926334857940674,-0.8195245265960692,1.6641948223114011,2.682241201400757,-1.8115447759628291,0.0657542496919632,0.710696518421173,-0.8580709099769592
0.0,2.088737964630127,0.4247755110263824,-0.41969254612922663,1.8572022914886477,2.022772789001465,1.26180899143219,0.4925953149795532,1.7334643602371216
0.0,0.3810358345508576,-1.2115925550460815,0.02678703516721725,0.5540138483047485,-0.29762399196624756,-0.9420672059059144,0.8370974063873291,1.510196566581726
0.0,0.5865283608436584,-1.810230493545532,0.3137677311897278,0.6928713917732239,0.9114420413970947,-0.6424749493598938,0.8107098937034608,-1.4689624309539795
0.0,0.7021250128746033,-0.12146399170160292,1.2771352529525757,1.1184422969818115,2.048508644104004,-0.23364922404289243,0.2889745831489563,-0.03613294661045074
0.0,0.6056118011474608,-1.6265496015548706,1.457657814025879,0.8560768961906433,-0.8867583274841309,1.490385890007019,1.4945570230484009,-0.08052311837673187
0.0,2.1371912956237793,-0.5184532403945923,1.6691869497299194,2.7090706825256348,-0.8813129067420958,-0.08444326370954514,0.4949486553668976,-0.8362480401992797
0.0,1.402561902999878,-0.15406452119350433,0.1651501506567001,1.878083109855652,-0.5932340621948241,-1.6823772192001343,0.8479646444320679,-1.2388950586318968
0.0,0.9655488729476928,-1.4400014877319336,0.4349742829799652,1.1756670475006104,-1.918269634246826,-1.6088827848434448,0.5248183608055115,-0.8907334804534912
0.0,0.7143669128417969,-1.4909355640411377,1.0820674896240234,0.9818176627159119,-1.9091912508010864,-0.23732726275920868,0.28634533286094666,1.351906180381775
0.0,1.1331164836883545,-0.1886739730834961,-1.277161955833435,1.2304232120513916,-1.5538318157196045,0.9226096868515015,0.5926132798194885,-0.2050956189632416
0.0,0.655324161052704,-0.7202446460723877,0.7081393003463745,0.9270593523979187,0.1526288092136383,-0.8741931319236755,1.3428198099136353,-0.505608320236206
0.0,0.7450850009918211,-0.8478640913963318,-1.17706298828125,1.0749515295028687,0.008890508674085138,0.5306050777435303,0.3804057538509369,0.8149995803833008
0.0,0.8331055641174316,-0.5421652793884277,0.10286373645067214,0.987162172794342,-1.7120777368545532,1.5386606454849243,0.5485447049140929,1.4261116981506348
0.0,0.4429290294647217,-0.9406167864799501,-1.496361255645752,0.6125308275222777,1.6021671295166016,0.38856804370880127,0.953199028968811,-0.6660969257354736
0.0,0.5563118457794188,1.5891863107681274,-0.7493109703063965,0.4444929659366608,-1.3477387428283691,-0.5323614478111267,1.3898072242736816,1.5939613580703735
0.0,0.6094246506690979,-1.6003468036651611,0.7070680260658264,0.8129268884658812,-1.2385013103485107,-0.556326687335968,0.6403213739395142,-1.6917555332183836
0.0,0.38985443115234375,1.0729413032531738,1.462815284729004,0.6074777841567993,-1.2303454875946045,0.951947808265686,1.011543869972229,-0.7263168096542358
0.0,0.35008478164672846,0.6256183385848999,-1.198599100112915,0.5641498565673828,0.4973661005496978,0.1250670701265335,0.9058547019958496,-0.1907258629798889
0.0,0.5692603588104248,-1.7733561992645264,0.14715419709682465,0.46688446402549744,-1.0172995328903198,-1.2039681673049927,0.646710991859436,-0.27191534638404846
0.0,0.9319358468055725,0.01125631108880043,1.553957462310791,1.1876182556152344,1.4785212278366089,-0.5415592789649963,0.4150483310222626,0.6756399869918823
0.0,1.9121239185333248,0.4921460747718811,0.10779109597206116,2.105645179748535,1.3792436122894287,1.6749885082244873,0.1645735502243042,0.8156121969223022
0.0,0.4761359691619873,0.996897518634796,1.506953477859497,0.7979413866996765,-1.6577309370040891,0.6471934914588928,0.6192448139190674,-0.5231841802597046
0.0,0.7276209592819213,-0.6264718770980834,0.10970615595579147,0.6632689833641052,0.3636235296726226,1.4648460149765015,0.7082131505012512,-1.346259832382202
0.0,0.5361387133598328,0.45714226365089417,-1.1381157636642456,0.5110288262367249,1.12692654132843,-1.0283535718917847,0.5927979350090027,0.7120997905731201
0.0,0.4981195032596588,-0.17431706190109253,0.5050484538078308,0.7984578609466552,-1.9940026998519895,-1.6144479513168335,0.23154865205287933,0.5580746531486511
0.0,0.9698009490966797,-1.143007755279541,-0.38564503192901606,0.7008453011512756,0.8857967853546143,0.8670141100883485,1.2084933519363403,-1.3459452390670776
0.0,0.8461291790008546,0.4014031589031219,0.046264324337244034,0.9159182906150816,-1.337424635887146,-1.2363317012786863,0.7493332028388977,0.9118117094039918
0.0,0.6525030732154846,-1.428842544555664,1.7263957262039185,0.7439374327659608,-0.430934876203537,-0.5082725882530212,0.37049973011016846,1.1838855743408203
0.0,0.5072919726371765,0.2994382679462433,0.7823727130889891,0.6787452101707457,1.0112138986587524,-0.8012232184410094,0.623750865459442,-1.5563145875930786
0.0,0.4235782623291016,0.35083234310150146,-0.5208246111869812,0.5199434161186217,-1.4667054414749143,-0.8343376517295836,0.7584490776062012,-1.7099192142486572
0.0,0.6062699556350708,-1.2189927101135252,0.8335845470428466,0.6307457089424133,-1.8842955827713008,-0.1643545925617218,0.35511621832847595,1.2985687255859375
0.0,0.7332161664962769,-1.1387864351272583,-0.17801837623119354,1.1270033121109009,-1.8325603008270264,1.1798455715179443,0.243443176150322,-1.047754406929016
0.0,0.3930855393409729,0.5298181772232056,1.5429795980453491,0.520164132118225,-0.5656462907791138,-0.14814132452011108,0.9495481252670288,1.16217303276062
0.0,0.6566787362098694,-1.4832243919372559,-0.12129715085029602,0.5865327715873718,-1.63673198223114,1.1668604612350464,0.5355966091156006,1.670418620109558
0.0,1.2703158855438232,0.1299244612455368,1.0196678638458252,1.99894642829895,-0.07672283798456192,-0.7778863310813904,0.2607422173023224,0.58322674036026
0.0,0.9994344115257264,-1.1359862089157104,-0.20901717245578763,0.6232004761695862,-0.6258570551872252,-1.1024386882781982,0.6913166046142578,1.419416904449463
0.0,1.21130633354187,1.350610852241516,-0.5012858510017395,1.7658427953720093,0.7857225537300109,0.8431361317634583,0.365978866815567,-1.2610325813293457
0.0,0.5376027226448059,-0.9401626586914062,1.0892903804779053,0.7100534439086914,0.547607958316803,-0.23627109825611117,0.8833107352256776,-1.5354466438293457
0.0,0.7783301472663878,-0.20568734407424927,-1.3124094009399414,0.8138291239738464,-0.8676952719688414,1.1602022647857666,1.6991993188858032,-0.3833726048469544
0.0,0.46938484907150263,-0.17126119136810303,1.2408605813980103,0.4755247235298157,-0.2272201776504517,-0.3869246542453766,0.9067953228950499,-1.5181715488433836
0.0,0.8150037527084351,-1.433349847793579,-1.3297212123870847,0.8423579335212708,-0.9238874912261962,-0.4081177711486816,0.8076758384704589,0.9703592061996462
0.0,0.6882319450378418,-1.1726162433624268,0.7050966024398804,1.0253190994262695,-0.20461808145046237,-0.8744195103645325,0.4036634564399719,-0.1824029237031937
1.0,0.4694765210151672,0.3092862069606781,1.6510523557662964,0.5867856740951538,0.09435316920280457,-0.31119152903556824,1.047203540802002,0.32871374487876887
1.0,0.7885466217994691,1.7041305303573608,0.3493504524230957,1.104080319404602,0.3321712017059326,-1.449731469154358,0.8544158339500427,-0.5444562435150145
1.0,0.7940093874931334,0.49181392788887024,0.30348894000053406,0.8309253454208374,1.1153355836868286,0.465205430984497,1.0820159912109375,-1.6736305952072144
1.0,0.9571338891983032,1.5895982980728147,-1.6902251243591309,0.9247428178787231,1.35263454914093,0.20077200233936307,1.303539991378784,-0.9212159514427184
1.0,1.1562469005584717,0.47488299012184143,1.3751742839813232,1.44922935962677,-1.3897448778152464,-0.2985801100730896,0.9355612993240355,-0.26907849311828613
1.0,0.5574283599853516,0.5439791083335876,0.5746759176254272,0.4811820387840271,-0.03822840377688408,0.44663476943969727,2.0363779067993164,-0.9532437920570371
1.0,4.703880786895752,0.400964230298996,1.6323987245559692,2.4965348243713374,-0.5313591957092285,0.10177046805620192,3.3710453510284424,-0.09948761016130447
1.0,2.953055620193481,-0.4804187119007111,-0.8970654606819152,0.6363323330879211,-0.8005134463310242,0.8835989236831666,2.500905036926269,0.9049126505851744
1.0,0.6238702535629272,0.5092552900314331,0.4291534423828125,0.5786275267601013,0.19378809630870816,-0.5521141886711121,0.6175641417503357,-1.3676191568374632
1.0,1.1540114879608154,-1.7747522592544556,1.381856083869934,1.0298428535461424,-1.905739426612854,1.5819226503372192,0.5066630244255066,-0.22714754939079285
1.0,2.070291042327881,0.33064958453178406,0.8372788429260254,1.032650113105774,-0.23911520838737488,-0.36614283919334406,1.1205991506576538,-1.0546588897705078
1.0,1.0120811462402344,-0.25409871339797974,1.3526331186294556,0.6091364026069641,1.3932896852493286,-0.33499273657798767,3.1474533081054688,0.6872965693473816
1.0,1.250394821166992,-1.3348032236099243,-0.6382452249526978,1.3329496383666992,0.26319757103919983,-0.18808238208293915,1.7165758609771729,-0.023365017026662823
1.0,1.2231560945510864,-0.14841610193252563,1.6852893829345703,0.5363453626632689,0.8055105209350587,0.7630111575126648,1.6366254091262815,-0.48674649000167847
1.0,1.3059226274490356,0.6269570589065552,-1.5140484571456907,0.46932095289230347,-0.38547611236572266,-1.5194110870361328,1.2824578285217283,1.7288888692855835
1.0,0.6187537312507628,-0.1845535039901733,-0.3010339140892029,0.7434316873550414,0.30943647027015686,0.9711826443672179,1.409236192703247,0.24826768040657043
1.0,0.6346150040626526,-0.6836548447608948,0.25585541129112244,0.5932358503341675,-0.0330156534910202,-1.1613852977752683,1.0045944452285767,-1.5039430856704712
1.0,1.3290162086486816,0.4235284030437469,-0.28036198019981384,2.07910704612732,0.8457348346710205,1.244048237800598,0.8701459765434265,-0.8936089277267456
1.0,0.39102950692176813,-0.38493385910987854,-1.4404886960983276,0.5830162167549133,0.07909156382083891,0.4549133777618408,0.9876580238342285,-0.3118063807487488
1.0,1.192575454711914,-0.011181941255927084,-0.2762540876865387,0.5337502360343933,0.31005269289016724,0.020752247422933575,4.75206184387207,0.2595284879207611
1.0,2.530775785446167,-0.500125527381897,1.2627390623092651,0.846026599407196,0.10008690506219864,0.0984181761741638,1.5183985233306885,-0.5488197207450867
1.0,0.7747655510902404,1.2803441286087036,0.17801880836486816,0.7214388251304625,0.220844566822052,-1.5639923810958862,0.32795220613479614,-1.472075343132019
1.0,1.050780177116394,0.312310129404068,-1.269326090812683,1.5050718784332275,-1.1633614301681519,0.9630945324897766,3.7705245018005367,0.998490571975708
1.0,1.431830048561096,0.7074467539787292,-1.0261939764022827,1.3781567811965942,-0.31144177913665766,0.12726935744285583,5.376307487487793,-1.2208527326583862
1.0,1.3232365846633911,1.172866940498352,1.050276756286621,0.8236629366874695,0.453399270772934,-0.06513276696205139,3.332586765289306,-0.7948595881462097
1.0,2.019686222076416,-0.24372939765453336,-0.5457783937454224,0.7419937252998352,0.2182594388723373,-1.4872020483016968,1.1329439878463743,1.317339539527893
1.0,1.705936312675476,-0.9414240121841431,-0.25351303815841675,0.7864788770675659,0.7439050078392029,1.2594847679138184,2.750847339630127,-1.2630304098129272
1.0,1.916592478752136,-1.5393133163452148,0.17866766452789307,0.86259788274765,-0.3780700564384461,-1.2042441368103027,1.2791969776153564,1.3710356950759888
1.0,2.4820804595947266,-0.3652489185333252,0.4811704158782959,1.7410813570022583,0.1700911521911621,-1.3109855651855469,1.1859744787216187,-1.667393922805786
1.0,0.9693668484687805,1.4636211395263672,1.2642852067947388,1.2848451137542725,-0.4966025650501251,-0.44523927569389343,0.365530788898468,-1.4021912813186643
1.0,0.9280008077621461,1.5668011903762815,-0.17893780767917633,1.522084593772888,0.9180160164833069,1.4496911764144895,1.1067936420440672,-1.230864644050598
1.0,2.1008830070495605,2.051629543304444,-1.0634129047393799,2.029020309448242,1.790128231048584,0.6239117980003357,1.053619384765625,1.10089910030365
1.0,5.822278499603272,0.21866516768932345,-0.41632080078125,2.40363883972168,0.6881939172744751,1.568567395210266,4.842604637145996,-1.5406235456466675
1.0,2.874290227890014,1.364527940750122,-1.666927456855774,3.579764604568481,0.8970582485198975,0.04156265780329704,0.5094040632247925,0.8997964262962341
1.0,2.753093242645264,0.08877690136432646,1.5685081481933592,2.6904056072235107,-1.4705196619033811,-0.31378743052482605,5.151996612548828,1.6223961114883423
1.0,0.5794691443443297,1.3129631280899048,1.5559509992599487,0.4830849766731262,-0.45510634779930115,0.3208446502685547,0.5403102040290833,-0.6378552317619324
1.0,0.7684447169303894,-1.7514758110046387,0.5534987449645996,1.027989149093628,-0.3216998875141144,1.6259683370590208,2.005877733230591,0.7227352261543275
1.0,0.8328229188919067,0.7957569360733032,-1.7232418060302734,0.6054162979125977,0.8609505295753478,-0.08578815311193466,1.4176850318908691,-0.46431431174278254
1.0,1.1408872604370115,1.756553053855896,0.016356250271201134,0.72929048538208,0.3287392258644104,1.0968440771102903,0.9803595542907715,1.7162500619888303
1.0,1.064964771270752,1.1275502443313599,0.40052253007888794,1.1597023010253906,0.1522449105978012,1.650724172592163,1.1088494062423706,-1.0859913825988767
1.0,1.0386515855789185,-0.6121940016746521,-0.5600800514221193,1.4335687160491943,0.6265225410461426,1.1486580371856687,0.1296151578426361,0.3736470937728882
1.0,0.6098969578742981,-0.42568367719650263,1.6198689937591553,0.4546675980091095,-1.3313119411468504,1.1431370973587036,1.0733630657196045,-0.5157216787338257
1.0,1.3165401220321655,-0.9230417013168336,-0.9655725359916688,0.7122413516044617,-0.891610562801361,1.2963367700576782,0.720234215259552,0.09924680739641187
1.0,1.1036485433578491,1.4111649990081787,0.2806037366390228,1.5326449871063232,0.8390371799468994,-0.4080073237419128,0.427496999502182,-1.4452300071716309
1.0,2.013244390487671,1.4963998794555664,-0.8142175674438477,0.7809072732925414,1.4809926748275757,0.6819641590118408,1.4201364517211914,1.2355947494506836
1.0,0.7438870668411255,0.7380173206329346,1.00605046749115,1.2438787221908567,0.26024171710014343,0.2596094608306885,2.114994525909424,-0.8131281137466431
1.0,1.7812516689300537,0.35825088620185846,1.5258831977844238,0.560524046421051,-1.6498717069625854,0.06948528438806534,0.5689598917961121,-0.9386675953865052
1.0,1.5921868085861206,0.4613056182861328,-0.3056509494781494,0.5432027578353882,-0.3117910623550415,1.41331946849823,1.431230545043945,0.1537427455186844
1.0,0.503433346748352,1.487511396408081,-1.5963772535324097,0.5718986988067627,0.7901225686073302,0.13621708750724792,1.870582103729248,-0.4876345098018646
1.0,3.6256477832794185,-0.29405805468559265,-1.486935019493103,1.960047960281372,1.0926229953765867,0.12964610755443573,0.9137333631515504,-0.49662417173385615
1.0,0.7296948432922363,0.013367424719035624,-0.8851874470710753,0.8969233036041259,-0.6651174426078796,-0.033708345144987106,0.7428796887397766,1.1145920753479004
1.0,0.6283553242683411,-0.0667511597275734,0.7953938245773315,0.7441838979721069,-1.389151692390442,1.4929475784301756,0.6628915071487427,-0.4034690856933594
1.0,1.0777833461761475,1.0344526767730713,0.004511626437306404,1.161268711090088,0.31034183502197266,-1.5932973623275757,0.6670122146606445,0.029136547818779945
1.0,2.0360960960388184,1.179510235786438,1.6893701553344727,1.3741366863250732,0.9880400896072388,0.013420475646853445,1.1736717224121092,-0.4393736124038696
1.0,0.808545410633087,0.39648970961570734,-1.4590595960617063,0.631947934627533,-0.3099375069141388,-0.2511284351348877,1.9360862970352168,-0.57179057598114
1.0,0.6819709539413452,1.7032475471496582,1.1521427631378172,1.139556646347046,0.8448697924613952,-0.6239743828773499,0.6753093600273132,-1.2836667299270628
1.0,0.8463646173477172,-0.5513665676116943,-1.729928970336914,0.4911209642887115,0.042051412165164954,0.5640485286712646,0.5001479983329773,-0.268522709608078
1.0,1.225988745689392,1.1052072048187256,-1.1087381839752195,1.6981284618377683,1.019773244857788,0.6412309408187865,1.8256471157073972,-0.49325472116470337
1.0,0.8409005999565123,-0.49930980801582336,0.5167895555496216,0.7974442243576051,0.5513686537742615,-0.5343798995018004,0.8835147619247437,-1.2596195936203003
1.0,1.2141426801681519,0.7986017465591431,0.6503617167472839,0.5627484321594238,0.430402547121048,-0.4943383932113648,1.0641251802444458,-1.2377028465270996
1.0,0.82414573431015,-0.5963907241821289,-0.5651106834411621,0.5005927681922913,0.18029159307479856,-0.26070114970207214,2.480142116546631,-1.2156978845596311
1.0,0.30950674414634705,-1.6865488290786743,1.6197255849838257,0.5076301097869873,-0.4414730668067932,1.5662100315093994,0.6899164319038391,0.13684076070785522
1.0,0.6908200979232788,-0.17326845228672028,-1.467679500579834,0.4569090902805328,0.2537270188331604,-0.6721111536026001,1.12026846408844,0.5758364796638489
1.0,1.868979215621948,1.0737233161926267,0.9273220300674438,0.5015527606010437,-1.1569026708602903,0.24216006696224207,0.8733522891998291,1.3398689031600952
1.0,1.4477944374084473,0.07412062585353851,-1.0577030181884763,0.7741462588310242,-0.8567138314247131,0.5009180307388306,0.5998090505599976,-1.2183305025100708
1.0,0.6462610960006714,0.9814751744270324,-0.8568094968795776,0.7303147912025452,1.4536585807800293,-0.24770325422286987,1.8203222751617432,1.2256823778152464
1.0,1.435165524482727,0.5204251408576965,-0.06433570384979248,2.3092212677001958,0.1607656031847,1.089147925376892,1.2608169317245483,0.37294948101043696
1.0,2.2151927947998047,-0.3992705941200256,0.7588762044906616,2.322593212127685,-0.9305109977722169,-1.1677840948104858,1.9853428602218628,0.3882321119308472
1.0,4.036775588989258,0.31576794385910034,-0.21420019865036008,0.9085766077041626,-0.9342263340950013,0.9943760037422179,1.3634003400802612,1.0824484825134275
1.0,1.0919082164764404,1.8904769420623777,1.2596688270568848,0.5607361793518065,-0.495794415473938,0.9097680449485779,0.484487384557724,-0.48424077033996576
1.0,0.5437746047973633,1.44438099861145,-0.10130056738853455,0.7599472999572755,0.8703667521476746,1.386879801750183,2.30981969833374,-0.7113156914711
1.0,6.184367656707764,-0.3662975430488586,-1.096429467201233,1.8576074838638303,-0.7023133635520935,0.76626855134964,5.221902370452881,0.5419674515724182
1.0,0.8252660036087037,0.07084526866674423,-0.5348684191703796,0.6781044602394104,-0.2826363742351532,0.2759326100349426,0.8434973955154419,-1.5185357332229614
1.0,1.0759005546569824,-0.2519350349903106,0.906216561794281,1.7998747825622559,-0.6350927948951721,-0.49775305390357966,1.4994484186172483,-1.1347423791885376
1.0,0.9188486337661744,0.6155046820640564,0.006983280181884766,0.5242313742637633,0.9037475585937501,-1.07731294631958,0.9229655265808104,1.5902358293533323
1.0,3.116213083267212,1.178433895111084,0.29974496364593506,2.057849168777466,0.04923958331346512,-1.3112173080444336,1.25600528717041,-1.326528787612915
1.0,0.5215568542480469,-0.5270532369613647,0.7093486189842224,0.5179140567779541,0.8668737411499022,-0.9792450070381165,0.23388604819774628,-1.5401932001113892
1.0,0.8396250009536742,-0.54934161901474,-0.29254648089408875,1.260681390762329,0.02906204015016556,1.3117567300796509,1.4683326482772827,-1.5642899274826048
1.0,0.46094563603401184,0.6382707357406616,1.637247085571289,0.5838541388511658,1.411248803138733,-1.1643059253692627,1.782376766204834,1.328510284423828
1.0,2.013906478881836,-0.9833519458770753,-0.3426158130168915,2.092641830444336,-0.6366003751754761,1.416571259498596,0.6756024360656737,-1.020831823348999
1.0,1.0409138202667236,0.2666501998901367,-0.4758676588535309,1.3425434827804563,0.4176441729068756,0.9955629706382751,0.895194947719574,-1.1035423278808592
1.0,2.5070455074310303,-1.4815256595611572,-1.4006026983261108,3.1950442790985107,-1.6934349536895752,0.09725050628185272,1.2211381196975708,-1.3959600925445557
1.0,0.7648584246635437,0.0013452422572299838,1.1742752790451048,0.530735194683075,0.1161438301205635,0.7950766086578369,0.3205420672893524,-0.2803078293800354
1.0,0.6339465975761414,-1.2562451362609863,-0.35466280579566956,0.8095003366470338,-1.6389893293380735,-1.6505382061004639,1.0637649297714231,1.06873881816864
1.0,2.084613084793091,-0.6330578923225403,0.5805514454841614,2.371859073638916,-0.5743218660354614,-0.9668340086936951,0.23216891288757324,-1.6059818267822263
1.0,2.3641426563262935,-0.15881820023059845,-1.1519761085510252,0.9507623314857483,-1.0686724185943604,0.029632965102791783,1.8500585556030276,0.31707099080085754
1.0,0.5740228891372681,0.9943494796752927,-0.4631696343421936,0.9404762983322144,1.7625552415847778,0.5234538316726685,0.17225162684917447,-1.3574472665786743
1.0,0.9365520477294922,-0.08956984430551529,-1.0709284543991089,0.6847989559173584,-1.094976782798767,0.971497356891632,0.5627618432044983,0.8598706126213074
1.0,1.3328864574432373,-0.36266815662384033,1.0203802585601807,1.4182853698730469,-0.1486128717660904,-0.8489404916763306,0.3338732421398163,-0.25037673115730286
1.0,1.1699885129928589,-1.4507651329040527,0.9623430967330932,0.8925924897193908,-1.4684271812438965,0.3611285388469696,1.1636836528778076,-0.9593093991279602
1.0,1.3367819786071775,-1.2248538732528687,-1.1291810274124143,1.41141939163208,-0.7927818894386292,0.7315585613250732,1.30155611038208,0.025125587359070774
1.0,1.1062557697296143,0.7515206933021545,0.8271126747131348,0.8151620030403137,0.8835806846618652,0.010153807699680328,0.8698369860649107,-0.3643297553062439
1.0,1.2082470655441284,1.3390818834304807,-1.4634661674499512,0.6891019940376282,1.8834496736526487,0.25213304162025446,1.6192830801010132,0.09440978616476059
1.0,2.776199579238892,-1.1951274871826172,-0.4322199523448944,1.3111859560012815,-0.39096188545227045,0.8742244243621825,1.9037731885910036,1.3150601387023924
1.0,5.897212028503418,0.7907442450523376,-1.487260818481445,0.4543075859546661,1.315324068069458,0.5212194919586182,2.4578628540039062,0.0853467285633087
1.0,1.7024098634719849,-0.2058168351650238,0.032804399728775024,1.0316622257232666,0.08148647099733353,-1.5554349422454832,2.5836834907531734,0.4782660901546478
1.0,1.3825491666793823,-0.5649220943450928,1.7247776985168457,0.8219528794288635,0.26536089181900024,-0.8797582387924193,0.3831319510936737,0.29132673144340515
1.0,1.834427833557129,-0.8808447122573853,1.13301420211792,0.4718174636363983,-0.33231717348098755,1.5642169713974,3.0670351982116695,-0.8308005928993225
1.0,1.8890302181243896,-0.15153926610946655,0.692798912525177,0.540052592754364,-0.610360324382782,-1.1440662145614624,1.7190502882003784,-0.8719902634620665
1.0,0.5805321335792542,-0.9558793306350707,-0.9105615019798279,0.7059218287467957,0.6440861821174622,0.666345477104187,0.5159282684326172,-1.366090178489685
1.0,0.9844642877578736,-0.3820184171199799,1.3563441038131712,0.7001659870147705,-0.04469302296638489,-0.2614172101020813,1.3352489471435547,0.383305698633194
1.0,1.228271245956421,0.5898315906524657,-0.16299553215503693,1.0176174640655515,-0.035980552434921265,0.6120418310165405,1.066114902496338,1.5839217901229858
1.0,0.888017237186432,1.2753658294677734,0.21840736269950864,0.501685619354248,0.7189525961875916,-1.1203759908676147,0.6236950159072876,1.6570069789886475
1.0,1.454707145690918,0.1579563021659851,0.06805083900690079,1.4047335386276243,-0.22949472069740293,1.539306640625,0.6335771083831787,-1.4692163467407227
1.0,0.8687772154808044,-0.28132915496826166,0.7732778191566467,0.6507692337036133,-1.1978955268859863,0.7889373898506163,2.0337100028991695,-0.5846392512321472
1.0,1.3866102695465088,-0.4831592440605164,0.11082658916711809,0.7008752822875977,0.17926347255706787,1.210227131843567,0.9887936115264893,-1.2214654684066772
1.0,0.42498627305030817,-2.0340731143951416,0.8657175898551941,0.6574123501777649,-0.9007219672203065,-1.0954933166503906,0.9499654173851011,1.6165568828582764
1.0,1.1186274290084839,-0.8669949173927307,0.3477782905101776,1.799416184425354,0.6512640714645386,1.3009136915206907,0.707356870174408,-0.9586139321327208
1.0,2.9638001918792725,-0.29750832915306086,0.7321769595146179,2.340636730194092,-0.1097528338432312,-1.0665361881256104,0.6437817811965942,-0.5507403612136841
1.0,0.39055848121643066,-1.2619717121124268,0.9975795745849608,0.5920186638832092,-1.9475891590118408,1.3970438241958618,3.370372772216797,0.9482051730155946
1.0,0.4495528936386108,1.9630897045135496,-0.9179334640502927,0.6504670977592468,0.18796870112419128,0.523601770401001,0.6263493299484253,1.2306276559829712
1.0,0.8875818252563475,-1.4530776739120483,-1.4551498889923096,1.4383301734924316,-0.18933142721652985,0.5677199959754944,1.3811646699905396,0.4418295025825501
1.0,0.4513428211212158,2.0264103412628174,1.066208004951477,0.4902723431587219,0.15372200310230255,-1.4690051078796387,2.4049122333526607,1.7066355943679807
1.0,1.0952143669128416,-0.7606917023658752,0.673952043056488,1.263645052909851,1.0018635988235471,-0.3353118598461151,0.7534412741661071,1.5988788604736328
1.0,2.7988476753234863,-0.5184221267700195,1.2877651453018188,0.9138824939727784,0.09449487179517746,-0.7291532158851622,2.6180715560913086,-0.2859517335891724
1.0,1.136033058166504,-0.06752034276723862,-0.62986820936203,1.2661545276641843,-0.1238630786538124,0.8345069885253905,0.758846938610077,-0.9113476276397704
1.0,0.7725504040718079,0.5991337895393372,-1.6066207885742188,0.8351276516914367,1.774558186531067,-0.07662177830934525,1.1994287967681885,-0.07904398441314697
1.0,2.172200918197632,0.029719905927777287,-1.24573016166687,2.6475255489349365,-0.15649016201496124,0.5291823148727417,1.5413278341293335,-1.5353528261184692
1.0,1.149292230606079,0.6068719029426575,0.4938645958900452,1.198744297027588,0.6371250152587891,1.643182635307312,0.4373972713947296,-0.9778649210929871
1.0,1.6144657135009763,0.14808061718940735,-0.9269510507583617,0.5858470797538757,-0.8481050133705139,-0.28688627481460566,1.3355225324630735,0.8766764998435974
1.0,1.0336140394210815,1.6395989656448364,1.3129348754882812,1.587424635887146,0.0504533089697361,-0.208308219909668,0.4331603348255157,0.664563000202179
1.0,0.661036491394043,0.6158612370491028,1.5011110305786133,0.48834589123725886,-1.6067947149276731,-0.2056852430105209,0.7942124009132385,0.33105054497718805
1.0,1.0435528755187988,1.216367483139038,0.24866619706153867,0.7424095273017883,1.4264397621154783,1.580045461654663,0.8335731029510498,-1.3710575103759763
1.0,1.467297911643982,-0.5195926427841187,-1.0897146463394165,0.5876920819282532,-0.3711755573749542,0.7324970364570618,1.2734389305114746,0.5808699727058411
1.0,1.3222308158874512,-1.5813337564468384,-1.0248796939849851,1.1065340042114256,-1.0773637294769287,0.8803471326828003,2.3607752323150635,0.2798964977264404
1.0,1.2381911277770996,1.9801940917968752,-0.9918466210365297,1.0834803581237793,0.6493718028068542,0.5406746864318848,0.9572626948356627,1.5709518194198608
1.0,0.7090187072753905,-0.9631617069244384,-0.5051634311676024,0.4912409782409668,1.416306972503662,-1.5228891372680664,0.15700607001781464,-1.6544182300567627
1.0,2.3766188621521,-0.27520814538002014,0.07179702073335648,1.2900288105010986,0.13449588418006897,-1.3972718715667725,1.1984710693359375,-1.6353107690811155
1.0,5.559452056884766,0.8905808329582214,1.6054508686065672,2.849689722061157,0.186756044626236,-0.06119746342301369,3.5619139671325684,-0.10737066715955734
1.0,1.19770348072052,-0.7990642189979553,-0.2574961185455322,1.006424903869629,-1.088551044464111,-1.3665645122528076,0.29485344886779785,-1.6367236375808716
1.0,0.6563566327095032,0.4096323549747467,0.9499348998069763,0.9425784349441528,0.37692067027091974,-0.8073900938034058,0.1613570600748062,1.7239106893539429
1.0,0.8061137795448302,1.2823370695114136,1.3709995746612549,0.4675680100917816,1.645458459854126,1.7266643047332764,3.565426111221313,1.4067835807800293
1.0,1.4988830089569092,-0.0802573189139366,-0.8309716582298279,1.079151630401611,-0.6554713845252991,0.5963624119758606,1.5055484771728516,0.006535426247864962
1.0,0.625350832939148,-0.39865756034851074,-0.3094092905521393,0.9655335545539857,-1.3594368696212769,-1.7219345569610596,0.292517215013504,-0.6716492772102356
1.0,1.0000721216201782,-1.030863642692566,0.9596759676933287,0.8037808537483214,-0.46296384930610657,-0.8849920630455017,1.4483791589736938,0.6114904880523682
1.0,0.8865607976913453,-0.6392176151275635,1.5787240266799927,0.9176540374755859,-0.10792643576860428,-0.5858193635940552,0.36246591806411743,0.84733647108078
1.0,1.515802264213562,-0.3167929947376251,1.6596336364746092,1.6882215738296509,-0.67734694480896,0.11218897998332976,0.5908607840538025,-0.4170209169387817
1.0,1.8972033262252808,-0.4403365850448608,0.8128712177276611,1.56344735622406,-0.3886222541332245,-1.5468168258666992,1.3486233949661255,-0.1929484456777573
1.0,1.0687916278839111,0.18792812526226044,0.5599926710128784,0.5927172899246216,-0.7297990322113037,-0.3274483978748321,0.5074908137321472,-1.4255762100219727
1.0,0.8920337557792662,0.9080718159675598,-1.2934962511062622,1.0213268995285034,0.26745501160621643,0.19955408573150635,0.6737096905708313,-1.1214135885238647
1.0,6.438995838165283,-0.4908149242401123,1.3421964645385742,1.234359860420227,0.4679346084594727,-0.5866585373878479,1.362260103225708,-0.6761474013328552
1.0,1.5972027778625488,0.316466748714447,-1.2895755767822263,0.7714183330535888,0.980699837207794,-0.6406530737876892,0.5352762341499329,-1.7025511264801023
1.0,2.392812490463257,-0.15354736149311063,-0.8537722826004028,1.7448078393936155,-2.032375812530517,1.2391124963760376,3.135914087295532,0.6387001276016235
1.0,1.439404845237732,-0.4664890170097351,0.5612462162971497,0.8182478547096252,-0.9326611161231994,1.2073175907135008,0.3610201478004456,0.586455464363098
1.0,0.4920698404312134,-0.0987854078412056,1.6953946352005005,0.6223004460334778,-0.874565839767456,0.21085871756076807,0.8747010231018065,-0.2883967459201813
1.0,1.3817471265792847,-0.738727033138275,-0.7146708965301514,1.1450703144073486,-0.9916130900382996,0.5208319425582886,0.4508869647979736,1.345950961112976
1.0,0.7548456788063049,1.4917412996292114,0.4369224905967712,0.7645995616912842,-1.6741329431533811,-0.44637656211853033,0.6018043756484985,-0.9888591170310974
1.0,2.3337161540985107,-1.250779151916504,0.032289519906044006,3.2674965858459473,-0.8140593171119691,-1.47990882396698,1.1481999158859253,0.7139984369277954
1.0,5.262557506561279,0.9175658226013184,0.26799020171165466,0.7074647545814513,-0.35849133133888245,-1.1335875988006592,2.76801872253418,-1.6109435558319092
1.0,1.3951908349990845,0.7613694667816162,-1.7019706964492796,1.0344330072402954,-0.5664618015289307,0.6381391286849976,2.21594762802124,-0.3998606503009796
1.0,0.6881338953971863,0.29140332341194153,-0.6362075805664064,1.0457412004470823,-0.2376842498779297,1.3316706418991089,0.7779121398925781,-0.6360228657722473
1.0,1.9678974151611328,0.9330554008483887,-0.8914053440093994,2.0076940059661865,0.20129962265491483,0.9247628450393677,0.8777579665184021,0.7644603252410888
1.0,0.7238169908523558,-0.3945295214653015,1.2185734510421753,1.1794301271438599,0.007591497153043747,-0.32641929388046265,3.3561315536499023,1.6051321029663084
1.0,0.7412810921669006,1.9463472366333008,-0.6631277203559875,0.5148646235466003,0.9547910690307616,-1.5329868793487549,1.5524220466613767,0.7869399785995483
1.0,1.3317916393280027,0.522544264793396,-0.412853479385376,1.033442974090576,0.3621274828910828,1.4808788299560547,1.2292791604995728,0.807509958744049
1.0,0.6379415392875671,-1.1899980306625366,0.07811097800731659,1.071351408958435,0.9712918996810912,-0.48227795958518976,2.8007194995880127,-0.542227566242218
1.0,1.3837203979492188,-1.9715259075164795,0.7491628527641296,2.0873444080352783,-0.6017745733261108,-0.7282036542892456,3.0316889286041255,1.0672485828399658
1.0,0.7116807699203491,-0.26022729277610773,-0.304534375667572,1.0500142574310303,0.7790035605430603,0.1751919686794281,3.506683111190796,0.025279738008975983
1.0,1.427386999130249,0.15874087810516355,0.08810761570930481,1.213584065437317,0.205212727189064,-1.440881609916687,0.2921990752220154,0.6100610494613647
1.0,0.8872584700584412,0.16470126807689667,-0.5977020263671875,0.716934323310852,-1.8627611398696895,-0.22854237258434293,0.4744958281517029,1.2105762958526611
1.0,0.9617513418197632,0.6239751577377319,0.16517940163612363,0.7302505373954773,0.3507794737815857,1.650354266166687,5.385714054107666,0.94619619846344
1.0,0.7748113870620726,0.6955444812774657,-0.5858848094940186,0.7825101613998413,0.24824866652488708,-0.5442479848861694,2.6372270584106445,-0.08885379135608673
1.0,1.747094750404358,0.08209004253149033,-0.7687431573867798,2.530221700668335,-1.7378631830215454,0.9913174510002136,0.9628006219863892,-0.3392296135425568
1.0,1.0173147916793823,1.1584200859069824,1.5661998987197876,0.5352160334587097,1.7640299797058103,1.4822038412094116,0.8856675028800963,0.8459787368774414
1.0,0.6627321839332581,-1.0393147468566895,0.5838646292686462,0.5648827552795409,0.3552404046058655,-0.7597832679748534,1.103548526763916,-0.8403211832046509
1.0,0.7374414801597595,0.43745478987693787,-1.1964952945709229,1.2403814792633057,-0.2023402452468872,-0.009898475371301174,2.314289331436157,-0.5189879536628723
1.0,1.8759684562683103,0.06364082545042038,-0.9210147857666016,2.526193141937256,-1.040918231010437,1.0755058526992796,2.175322294235229,0.9183408617973328
1.0,1.634211182594299,-0.24500590562820437,-1.1473597288131712,0.6481870412826538,0.05966055765748024,1.1649280786514282,1.0285180807113647,-0.9558212757110596
1.0,1.8686101436614992,1.0587047338485716,-1.7081056833267212,1.6772735118865967,1.347040772438049,0.34273064136505127,1.3803094625473022,-0.1565582305192947
1.0,0.6672528982162476,1.2226070165634155,1.6498043537139893,0.5918858051300049,0.403123676776886,0.5662237405776978,2.500232458114624,-0.70598965883255
1.0,1.2001223564147947,0.9204921722412108,1.6507154703140259,1.3164383172988892,0.1493689864873886,0.08799358457326889,0.5086572766304016,0.060557015240192406
1.0,2.316962480545044,-1.0857415199279783,-0.5458043813705444,1.347575068473816,-0.06217266619205474,1.1087031364440916,3.974813222885132,0.7063211798667908
1.0,0.6049816012382507,-0.28955328464508057,-0.02780626155436039,0.4670044481754303,2.031060218811035,0.2596188485622406,0.22785669565200803,1.628897786140442
1.0,1.5197614431381223,0.44830086827278137,1.3133379220962524,2.532707452774048,0.5747987031936646,-0.8156383633613585,1.3163787126541135,0.40397176146507263
1.0,0.8708624839782714,-0.4083659052848816,-0.5847471952438353,0.504362165927887,-0.9225940704345704,-0.4595345556735992,1.3049424886703491,0.8348851799964904
1.0,0.8908065557479857,0.571097731590271,1.2476638555526731,1.287598729133606,-0.7289867997169495,-0.4998416304588318,0.5635086297988892,-0.02037124149501324
1.0,1.3028928041458128,1.3408477306365967,0.8775128126144409,0.7655274271965027,-0.5247620940208435,-1.1415653228759763,0.7247915863990783,-1.160042405128479
1.0,0.6312069892883301,0.629453718662262,0.4085676372051239,0.5452535152435303,1.1576135158538818,-0.5467284917831421,0.747864544391632,-1.4031792879104614
1.0,1.074174165725708,-0.6665766835212708,0.30466845631599426,1.4531786441802979,0.0339600145816803,1.6612414121627808,1.636397361755371,-1.1492578983306885
1.0,0.7451614141464233,0.24346454441547397,1.0943541526794431,0.8653258681297302,0.13129620254039764,0.5653459429740906,1.5073500871658323,0.1041152849793434
1.0,0.7609641551971436,-1.1808909177780151,-0.6590965986251831,0.8897809982299805,0.4753118455410004,0.6200857758522034,1.1995998620986938,0.06643743067979813
1.0,1.1467434167861938,0.630608320236206,0.8970995545387267,1.1903996467590332,0.32761719822883606,-0.6589659452438353,2.150408983230591,1.705073595046997
1.0,1.220121145248413,1.4421021938323975,-0.6511502861976624,0.7877088785171508,-0.25855141878128046,0.18160007894039157,1.3264009952545166,-0.39649835228919983
1.0,0.7249462008476257,1.4392766952514648,1.1522531509399414,0.4521346390247345,-0.11915335059165955,0.6972902417182921,1.2523566484451292,-0.7445356845855712
1.0,0.7541684508323668,0.7807255983352661,-1.1615405082702637,0.8165055513381958,1.113992691040039,-1.3942574262619019,0.20885875821113584,0.6549431085586548
1.0,1.4733450412750244,1.6994382143020628,-0.9247366786003112,0.44515296816825867,0.5262283682823181,0.5838520526885985,0.7378878593444824,-0.3586648404598236
1.0,0.34798675775527954,1.2026941776275635,-1.515931487083435,0.48742014169692993,-1.171632409095764,0.4550530314445496,0.6955353021621704,-0.14668384194374084
1.0,2.734773635864258,-0.07838291674852371,-0.20283739268779755,1.92398464679718,-0.05898921564221382,-1.7208856344223022,1.0213689804077148,1.5527163743972778
1.0,1.0685688257217407,1.0529444217681885,0.9650930762290953,0.46363148093223566,-1.008072853088379,-0.3010954260826111,2.780184745788574,-0.2722415626049042
1.0,0.8837537169456483,0.21129459142684937,-0.4640636444091797,0.4458301663398743,0.012778982520103455,-1.6942747831344604,0.9865132570266724,1.2040084600448608
1.0,1.8952683210372925,-1.887804627418518,0.6580318212509155,2.2552835941314697,-1.2210941314697263,-0.9986013770103455,0.1861688792705536,-0.9120651483535767
1.0,1.6562607288360596,-1.1287206411361694,-0.39018586277961725,0.6579073667526245,0.22592088580131528,1.1431866884231567,0.5101337432861328,-1.499720811843872
1.0,1.1312425136566162,-1.3311452865600584,-0.968609631061554,0.49049311876297,0.14423663914203644,0.43256804347038263,0.9793630838394163,1.6163856983184814
1.0,1.22528338432312,-0.31871867179870605,-1.3589606285095215,1.0255634784698486,1.3390004634857176,-0.10711929947137833,1.2373403310775757,-0.5950043201446533
1.0,1.1195734739303589,-0.18105782568454745,1.0102969408035278,0.508750855922699,-1.2617326974868774,1.1108009815216064,2.1717419624328613,0.3725697696208954
1.0,0.7308036088943481,0.9625126123428344,-0.6821458339691162,0.47968417406082153,1.055016040802002,0.5976433157920836,0.19847044348716733,-1.4082127809524536
1.0,1.0844327211380005,1.136152744293213,1.3517882823944092,1.0001932382583618,0.9193670749664306,-0.7400736212730407,0.924292743206024,-0.8515141010284423
1.0,0.7903149127960205,-1.0116150379180908,-1.5397537946701048,0.6034919619560242,0.2028508633375168,0.1665627807378769,4.1880526542663565,-1.5811675786972044
1.0,1.185158610343933,-1.1147446632385252,-1.6948747634887695,1.3175461292266843,0.7168065905570984,0.38296705484390253,0.4147039651870728,1.50691819190979
1.0,2.1716790199279785,-0.9185933470726013,-0.2848558723926544,2.5839021205902095,-0.5614118576049805,1.3606389760971067,0.2811996042728424,-0.6187091469764708
1.0,0.7912378907203673,1.6234619617462158,-0.5609304904937744,0.5232734680175781,1.6507391929626465,-1.4017162322998047,0.9263359904289244,0.8441519141197203
1.0,0.331658273935318,-1.3394449949264526,-0.04100018739700317,0.495978981256485,0.7812904119491577,-0.8525014519691467,0.18882553279399872,-0.251126229763031
1.0,0.54833984375,-1.1507273912429807,1.6267330646514893,0.5723015666007996,-0.5550668835639954,-0.6891542673110962,2.110262632369995,0.9915860295295715
1.0,1.2190363407135008,-0.33184614777565,-0.3415544927120209,0.7704947590827942,1.8140517473220823,-0.48918846249580383,0.5023234486579895,0.3447519540786743
1.0,0.6806710958480834,-0.7256172299385072,-0.6122969388961792,0.8589398860931395,-0.2620682418346405,0.5574620962142944,2.0018415451049805,0.7493543028831483
1.0,0.9936126470565795,0.10094323009252548,1.5161919593811035,0.4303024709224701,-0.504790425300598,-1.0176374912261963,0.6745728254318237,-0.8326715826988221
1.0,0.8510216474533081,0.4661442339420319,0.9426624178886412,1.2744219303131104,1.1984663009643555,-0.3314030170440674,0.6855186820030212,-1.4158953428268433
1.0,0.3978863060474396,-0.29028236865997314,0.602656364440918,0.6512663960456848,-1.5322232246398924,-1.3803006410598755,2.0761480331420894,1.5764102935791016
1.0,0.49373248219490046,-1.1266520023345947,0.1361680030822754,0.5325331091880798,0.6236185431480408,1.1736732721328735,0.7734631299972534,0.9613904953002927
1.0,0.870620608329773,-1.259289264678955,1.6593409776687622,0.44102999567985535,-1.0717288255691528,-0.1533685326576233,1.9281164407730105,-0.5595213770866394
1.0,4.5238800048828125,-0.5655720829963684,1.0976287126541135,2.6139674186706543,1.070610761642456,-0.3799340426921845,0.4656490683555603,-0.7674237489700316
1.0,0.5418547987937927,1.818679928779602,1.5707666873931885,0.9050728678703309,0.1262066811323166,-0.5868131518363953,0.5975902080535889,1.0515795946121216
1.0,1.0496267080307007,1.3652511835098267,-0.13673746585845947,0.46038281917572016,0.46944382786750793,-1.2843856811523435,1.2595969438552856,1.402103304862976
1.0,1.0402607917785645,0.0549393966794014,-1.1432844400405884,0.8681952357292174,-0.7193531394004822,0.702562689781189,0.29682028293609614,-1.3732376098632812
1.0,1.7171647548675537,0.08687559515237808,-1.7147653102874756,1.6789641380310059,0.2483401000499725,0.1518782526254654,1.324496865272522,-0.24640013277530673
1.0,1.3038603067398071,0.8070041537284851,0.8529560565948486,0.7537069916725159,-0.620737850666046,-1.561673641204834,1.9740891456604004,0.9854873418807985
1.0,1.07776939868927,-0.03590520843863487,-0.47164934873580927,0.940347671508789,0.59364253282547,0.3144630193710327,1.7997190952301023,1.7140202522277832
1.0,0.3936265707015991,0.8752846121788026,0.07270706444978715,0.6469634175300598,1.2288320064544676,0.5370573401451111,1.281420350074768,-1.3666145801544187
1.0,1.3210468292236328,1.7611949443817139,-1.6875358819961548,1.1708476543426511,-0.5587402582168579,-1.3580071926116943,2.279239654541016,1.491944670677185
1.0,1.720093011856079,-0.8140510320663453,0.7412220835685731,1.9197437763214111,0.5368505716323853,-1.1459434032440183,2.4034640789031982,1.1585028171539307
1.0,0.581392765045166,-0.8409955501556396,0.7566453218460083,0.7582907676696777,1.8521777391433716,-0.988614022731781,0.4340325891971588,0.6375244855880737
1.0,1.0191696882247925,1.1511882543563843,-0.9103958010673523,0.6110886335372925,0.3709604144096375,-1.5251637697219849,1.5069853067398071,0.7164930701255798
1.0,2.0129134654998775,-0.7755337953567504,0.7602567672729491,1.090665578842163,-1.3088631629943848,-0.5846378207206726,1.0003825426101685,-1.3958607912063599
1.0,1.565783143043518,0.9654053449630736,0.8020037412643432,1.8519093990325928,1.3149781227111816,-1.2451817989349363,1.5092768669128416,-1.6299350261688232
1.0,0.9489543437957764,0.39048811793327326,-0.15338820219039917,0.8020258545875549,0.884536325931549,1.580183506011963,0.22921466827392575,-0.48997244238853455
1.0,1.5620148181915283,0.26134657859802246,-0.119158998131752,0.7270768284797667,-0.2033634185791016,0.9805240631103517,1.3833880424499512,1.662321925163269
1.0,1.7390617132186887,-1.1437225341796875,-0.34529787302017206,1.3714709281921387,-0.7127131819725037,1.1044685840606687,0.794414222240448,1.561365008354187
1.0,1.2584012746810913,-0.9123368263244629,1.3921051025390625,1.88064169883728,-0.3493807911872864,-1.0940302610397339,1.6943535804748535,1.5960640907287595
1.0,2.658656358718872,0.461038202047348,-1.1279053688049316,1.593066930770874,0.30822792649269104,1.0146764516830444,5.357563018798828,1.0844242572784424
1.0,0.6270007491111755,0.7818415164947509,-1.6123526096343994,0.432085394859314,-0.9339956045150756,0.9591526389122008,0.4677972197532654,-1.6515151262283323
1.0,0.9167658686637878,-0.32075032591819763,-0.44050475955009455,0.7862516641616821,-0.3734838962554932,1.6084063053131104,2.79815411567688,1.2370243072509763
1.0,3.1478106975555415,-1.6665350198745728,-0.9130684733390808,1.6728225946426392,0.018185991793870922,0.5128796696662903,2.692002058029175,0.7461310625076294
1.0,0.8974761366844177,0.672109067440033,-0.916978120803833,1.3798518180847168,1.615010380744934,1.1550180912017822,0.4374691247940064,-0.22031921148300168
1.0,4.387113094329834,-0.3087286353111267,0.3431010842323303,1.0823339223861694,0.03458223864436149,1.679372191429138,3.981825351715088,-1.3038779497146606
1.0,0.989568054676056,1.5509331226348877,-1.5322823524475095,0.5591675639152527,1.8253132104873655,0.2681475579738617,1.8717907667160036,-0.8680385947227478
1.0,0.4011695683002472,1.0388842821121216,-0.5163986682891846,0.5358245968818665,2.002820014953613,-1.489967942237854,0.662548303604126,-0.09848973900079729
1.0,0.6342700123786926,-0.9478991627693176,-0.5426413416862488,0.7476961016654968,-0.6674323678016664,0.8645021319389342,3.3842601776123047,1.1584420204162595
1.0,1.6650832891464231,-0.0031668785959482193,-1.036216616630554,1.826586365699768,1.397762894630432,1.2151076793670654,1.0182141065597534,1.5358221530914307
1.0,0.3780148327350616,0.626219630241394,0.2914458215236664,0.5382311344146729,-0.41953086853027344,-0.5208873748779297,0.4158532917499542,-0.7848258018493651
1.0,0.6388505101203918,0.36868071556091303,0.10512061417102812,0.8629450798034669,1.298608899116516,-1.2317383289337158,1.2835068702697752,1.0893970727920532
1.0,3.5866658687591553,0.37869766354560846,-1.604047417640686,2.291220664978028,-0.9208475947380066,0.3982020020484924,3.224838256835937,0.02866741642355919
1.0,1.8775980472564695,-0.4622995853424072,0.5886468291282654,2.568408727645874,-0.5878834128379822,-1.3785614967346191,0.9931559562683104,-0.35057869553565973
1.0,6.722586154937744,-0.04550297185778618,-0.18059773743152616,3.4872326850891118,0.2445489317178726,1.6844955682754517,5.845383644104004,-1.5737111568450928
1.0,0.7235063314437865,0.42808276414871216,-0.8486257195472717,0.5961395502090454,1.4160268306732176,0.10193333774805068,0.12500420212745667,-1.6168711185455322
1.0,1.871716380119324,-1.058512806892395,-0.35104748606681824,0.6482577323913574,1.4320911169052124,-1.2198849916458128,1.2513304948806763,1.5753175020217896
1.0,1.7852871417999268,0.16170929372310638,0.06649305671453476,1.0762115716934204,0.04936052113771439,1.700727105140686,1.5209412574768066,-1.2847871780395508
1.0,2.5602219104766846,0.2575733959674835,0.6739078760147095,1.0125108957290647,-0.37511008977890015,-1.0135133266448975,2.981258153915405,0.0010583343682810664
1.0,6.545539379119873,-0.9505816102027891,-0.956560492515564,3.2211880683898926,-0.8385652899742126,0.8807501196861267,4.110667705535889,0.8371591567993165
1.0,0.7160983681678772,1.161808967590332,0.29098913073539734,1.0556588172912595,-0.09109019488096237,-1.2878530025482176,0.265788733959198,-0.17781482636928558
1.0,1.4745672941207884,-0.017020821571350098,-0.28935307264328,0.7311527132987976,0.8262681365013121,0.6181589961051941,0.8041297793388367,-1.3081222772598267
1.0,0.776749014854431,-0.5097253918647766,0.7518300414085389,0.6254162788391113,1.1815288066864011,-0.4244414567947388,1.233406662940979,-1.5283544063568115
1.0,1.2625017166137695,0.89745956659317,0.1004953160881996,1.2338712215423584,0.3369098007678985,-1.2754253149032593,1.6884244680404663,-1.041512131690979
1.0,1.1100291013717651,0.5749188661575316,-1.4502573013305664,0.5909043550491333,0.4925081133842468,0.7133781909942627,1.2899376153945923,-0.178174689412117
1.0,1.4753183126449585,1.2120450735092163,1.2778806686401367,0.6569237112998961,0.13581810891628265,0.9238408207893373,1.572272777557373,-0.9563621282577514
1.0,1.2152718305587769,0.3996397852897644,0.5309608578681946,1.0804030895233154,-0.3462750017642975,-0.3680061399936676,1.183488845825195,-1.1404106616973877
1.0,0.9384973049163817,-0.5160751342773438,0.7341316938400269,0.651292085647583,0.7890738248825073,-1.6341851949691772,0.5813788771629332,-1.19426691532135
1.0,0.4859845042228698,1.8761477470397947,0.22384220361709595,0.7236674427986146,-0.9151798486709594,-0.8071968555450438,1.9321641921997073,0.8769579529762269
1.0,1.7562228441238403,-0.7581908702850341,0.13082869350910187,2.0793986320495605,0.7156696915626526,1.4688102006912231,1.3868656158447263,-1.1236212253570557
1.0,0.69610595703125,0.02225831337273121,0.7833666801452637,0.7781942486763,0.4223003685474396,0.2677290737628937,0.3555243909358978,1.4131526947021484
1.0,0.41923707723617554,1.0904659032821655,-0.16516350209712982,0.4489223957061768,0.936436414718628,0.6952254176139832,1.3898072242736816,-1.7196274995803833
1.0,0.6750810742378235,-0.6403704881668091,-1.1882011890411377,0.4568683803081512,-1.5187373161315916,-0.204048290848732,1.2419809103012085,0.2334221601486206
1.0,0.8194530606269836,0.0802420526742935,1.3826732635498047,0.6717313528060913,0.5298177003860474,0.47043818235397333,0.42882302403450007,-0.008752410300076006
1.0,2.0188076496124268,1.3296552896499632,1.4118132591247559,1.6525375843048096,0.8727723360061644,-0.1455409824848175,1.1142847537994385,-0.344512552022934
1.0,0.41604164242744446,-1.651339769363403,-1.6105469465255735,0.6743993163108826,-1.7892688512802124,-0.858889102935791,0.598081648349762,1.5067139863967896
1.0,1.8530532121658323,-0.28269901871681213,-1.02518892288208,1.3615212440490723,-0.24973332881927487,0.8562207221984862,1.005077838897705,0.7809516787528991
1.0,2.0298326015472408,-0.7222039699554443,1.150513768196106,1.6458966732025146,-0.44514894485473633,-0.5223095417022705,1.81195330619812,-0.2736251950263977
1.0,0.34839797019958496,-1.0008513927459717,0.5928104519844055,0.5584840178489685,0.7208267450332642,-0.6218101382255553,1.0138585567474363,0.21924723684787753
1.0,0.8339458107948302,0.8148624897003175,0.4802095592021942,1.1689940690994263,-0.7553536891937255,-1.6009051799774168,0.6979924440383911,1.0812010765075684
1.0,2.0930280685424805,-0.9029606580734254,1.292409300804138,3.5220768451690674,-0.07154418528079987,-0.39984577894210815,1.1990183591842651,0.33909863233566284
1.0,1.4423710107803345,0.6040118932723999,0.4171324074268341,0.7285940647125245,1.1450339555740356,-0.7532355189323425,0.5260041952133179,-1.2758183479309082
1.0,0.6273444890975952,1.0575861930847168,1.6087476015090942,0.9930444359779358,0.6873964667320251,0.025565931573510167,0.5759698152542113,-0.12823927402496335
1.0,1.1138955354690552,0.6825346946716309,-1.289967656135559,1.7216084003448486,0.9524514079093933,1.3982914686203003,1.4379918575286863,-0.7678873538970947
1.0,0.9018275737762451,0.5496367812156677,-0.3135232329368592,0.6893591284751892,-0.2603563666343689,-1.71294105052948,1.2523680925369263,0.3088291883468628
1.0,1.8699848651885984,1.7176946401596067,-0.44363027811050415,0.47917199134826655,1.2050980329513548,-0.47549608349800104,0.9028376936912536,0.48101851344108576
1.0,0.4139347076416016,1.9545544385910036,1.3547481298446655,0.6485791802406311,0.7078912854194641,0.47759380936622614,1.1915614604949951,-0.14397887885570526
1.0,0.6687360405921936,-0.07377842068672179,-0.9498952627182007,0.8676273226737976,0.5584641098976135,0.8643916845321654,0.44267296791076655,-0.8269702792167662
1.0,0.41844901442527765,-0.0915173962712288,0.6624053120613098,0.48793014883995056,-0.05246642976999282,0.23766107857227323,1.460396647453308,-0.9632776975631712
1.0,0.9536532759666442,0.35182377696037287,-1.2229294776916504,0.9818540215492249,0.5143778324127197,-0.33393660187721247,1.3494786024093628,0.7811007499694824
1.0,1.4556747674942017,-0.7275807261466981,0.790573000907898,0.6203803420066833,1.0819711685180664,-0.5968500971794128,0.4025472104549408,-1.6669467687606812
1.0,0.7865326404571533,1.7514656782150269,1.64106285572052,0.9312230944633485,1.7596142292022705,0.24703228473663327,0.7914724946022034,-1.083568453788757
1.0,1.6646631956100464,-0.46500393748283386,-1.04040789604187,2.2196896076202393,0.4205571711063385,0.4305716753005981,0.6096649169921875,1.5220186710357666
1.0,0.3304755687713623,-0.7042369842529297,0.3362901508808136,0.5316908955574036,-0.21079584956169128,-0.4748435020446777,1.4198628664016724,1.2643773555755615
1.0,0.36547502875328064,0.33291080594062805,-0.8545675277709962,0.4289845824241638,0.1864265203475952,0.6536861062049866,0.9838395118713379,1.0639536380767822
1.0,1.3740577697753906,0.5018678903579712,-1.70156192779541,0.6713178157806396,-0.15846070647239685,0.4791286289691925,0.1391642987728119,-0.7487136721611024
1.0,0.4740825295448303,-0.6042305827140808,-1.214099645614624,0.5707822442054749,-0.5069422125816345,0.8659209609031677,0.41150912642478943,0.9912052154541016
1.0,1.2399938106536863,-0.7423328757286071,-0.4218102991580963,1.649269700050354,0.17775259912014008,-1.583790302276611,1.1819610595703125,0.6815124154090881
1.0,1.3103656768798828,0.7177025079727173,1.17785906791687,1.744025707244873,0.21965990960597992,0.0694565698504448,0.7214131951332092,-0.38017976284027094
1.0,0.8698949813842772,1.1687970161437988,1.2910231351852417,0.5747466683387756,0.8012349605560303,-0.9888790249824526,1.1854158639907837,-0.5617732405662537
1.0,1.6759806871414185,0.3742223381996154,-0.7322256565093994,1.3557868003845215,0.06903643906116486,1.1416352987289429,1.6144144535064695,0.18004609644412994
1.0,0.6278346180915833,-0.8603432774543761,-1.0948611497879028,0.7705697417259216,0.5593423247337341,-0.3725680708885193,1.1741849184036255,1.2581849098205566
1.0,0.884196698665619,0.3729870319366455,-0.08875934779644012,1.1246739625930786,0.8342426419258117,-1.1763359308242796,2.8322346210479736,1.5646047592163084
1.0,1.1793087720870972,0.9464763998985289,-0.9032226204872131,1.249885320663452,1.60691237449646,1.046383023262024,0.9929770231246947,0.130319282412529
1.0,0.982394278049469,0.3889669179916382,1.2675433158874512,1.0672218799591064,0.9298460483551024,-1.464853286743164,1.0879404544830322,-0.16177771985530853
1.0,0.8495792150497437,0.9771528244018554,0.21259149909019473,1.177409291267395,-1.0400779247283936,1.6838330030441284,1.2328479290008545,-0.9354609847068786
1.0,0.6517748236656189,0.46024689078330994,1.170249581336975,0.8469415903091431,-0.15380041301250455,-0.7984572052955627,0.2879301905632019,-0.15577781200408936
1.0,0.525999903678894,0.43451827764511114,-1.0174856185913084,0.5834512710571289,-1.119789958000183,-0.08409102261066435,0.657685399055481,-0.042122036218643195
1.0,3.555399179458618,-0.5768201947212219,0.9673129916191101,2.3202359676361084,-0.2898315489292145,-0.33993837237358093,2.935912609100342,0.5699917078018188
1.0,0.9549759626388548,-1.465649366378784,-1.1016753911972044,0.9263329505920409,-0.6378830671310425,0.6415179967880249,0.3095950484275818,-1.6298909187316895
1.0,1.0690271854400635,0.13568302989006042,-0.7058135271072388,1.1110448837280271,-0.8348087072372435,0.9015032052993774,0.6695810556411743,1.2015966176986694
1.0,1.3942869901657104,0.5970701575279236,1.458160161972046,1.7514166831970215,0.8308814167976379,0.16590413451194763,1.281021237373352,-0.6682935953140259
1.0,2.4701263904571533,0.8280774354934691,0.8096021413803101,1.3565411567687988,0.8826910257339476,-1.0472517013549805,1.601701259613037,1.4322104454040527
1.0,0.8690801858901978,0.7746693491935731,-1.5952452421188354,0.8688231110572816,-0.107691653072834,-0.35962924361228943,0.6976070404052734,1.0413801670074463
1.0,0.5217058062553406,0.0862356573343277,-1.3731799125671387,0.6393174529075624,-0.4296299815177917,1.6779035329818723,2.76617169380188,0.13817863166332245
1.0,1.0653951168060303,0.020572368055582047,1.4245915412902832,0.5087980031967163,1.4754319190979004,-1.0487036705017088,2.0431849956512447,-0.2859329879283905
1.0,2.1782987117767334,-0.2814342677593231,-0.11592581868171692,2.063911437988281,-1.292197346687317,-1.7274059057235716,3.0670351982116695,0.7848206162452698
1.0,0.8495652079582214,0.4076503217220306,1.3921051025390625,0.9429663419723511,0.800912857055664,0.09622912853956223,0.6362314820289612,-0.3868270814418793
1.0,0.8925098776817322,-0.65697181224823,1.726003646850586,1.1746877431869507,-0.012023935094475746,-1.407148838043213,0.41434139013290405,-1.5557129383087158
1.0,1.7048923969268799,0.32431328296661377,1.463019609451294,1.5531848669052124,0.5055103302001953,-0.7386215925216675,0.9621632695198061,-0.44369792938232416
1.0,0.953841745853424,0.25031211972236633,-0.005730499979108572,0.6123122572898865,0.5603103041648865,-1.3953726291656494,4.447332859039307,0.1664484590291977
1.0,1.0795427560806274,0.3609838485717773,-0.4311409592628479,1.2196485996246336,1.2418153285980225,1.2419945001602173,1.4791529178619385,1.636806845664978
1.0,0.6185945868492126,1.4656225442886353,-0.810567557811737,0.876409113407135,-0.030865008011460304,1.1024754047393799,0.2190463989973068,1.0294421911239624
1.0,2.008317708969116,0.5290688872337341,1.2208651304244995,1.42447829246521,-0.988910973072052,-0.9783727526664733,1.6483694314956665,-1.5421524047851562
1.0,0.8580604195594788,0.2865361273288727,-1.4776026010513303,1.366199254989624,-0.0710439682006836,1.1698472499847412,0.414960503578186,-0.8192158341407776
1.0,0.41800475120544434,-1.5632624626159668,0.41930314898490906,0.45473402738571167,0.7993146181106566,0.6946291923522949,0.9808863997459412,-0.9087426066398621
1.0,0.6266557574272156,0.37933593988418574,1.058692455291748,0.46244642138481135,-1.0507051944732666,-1.2210664749145508,0.7297343611717224,-0.22491614520549771
1.0,0.5338255167007446,1.792434811592102,1.3267511129379272,0.6474220156669617,0.05336284264922143,0.10376904159784316,2.1058387756347656,-0.8635790348052977
1.0,0.5024594068527222,-0.4089326560497284,0.31214979290962214,0.7841452360153198,0.8148187398910521,-1.6735990047454832,0.4987706243991852,0.07758785039186476
1.0,2.025223970413208,0.3705971539020538,1.5595127344131468,2.680526733398437,0.48276156187057495,-0.2082519233226776,0.6621150374412537,-0.048579152673482895
1.0,1.13921320438385,0.16759148240089417,0.6941407322883606,1.875458002090454,0.49105653166770935,-0.8419068455696107,0.5847447514533997,-0.9218341112136842
1.0,0.5529763698577881,1.3869298696517944,0.11230595409870148,0.6338443756103516,-0.04954338073730469,1.267351984977722,0.17813047766685483,-0.7187665700912476
1.0,0.8307821750640869,-0.11678852140903472,0.18567794561386108,0.6536707878112793,1.2608041763305664,1.052290439605713,0.42488592863082886,-0.884574055671692
1.0,1.7637593746185303,0.6692785620689392,1.0482170581817627,1.3391447067260742,0.0018771749455481768,-1.4317278861999512,1.2319129705429075,-0.13430872559547424
1.0,1.9768089056015012,-1.3464666604995728,-0.9205122590065001,1.8994759321212769,-1.662747859954834,1.0697696208953855,2.0453855991363525,0.6654516458511353
1.0,1.8455673456192017,0.39241799712181086,0.21656464040279388,1.5371578931808472,1.0684359073638916,-1.2911819219589231,2.8095219135284424,-0.25504595041275024
1.0,0.6928048133850098,0.9639337062835692,-0.6124957203865051,0.8833114504814149,-0.7648670673370361,-0.017221247777342796,0.3281209468841553,1.4340097904205322
1.0,0.5835238695144653,-0.5441322326660156,-0.5355685949325562,0.6850304007530212,-0.030581863597035408,-0.4432478845119476,3.984915256500244,-1.5194685459136963
1.0,1.0042644739151,-1.1217494010925293,-1.5317136049270628,0.6143244504928589,0.9653851985931395,0.15060016512870789,0.5687136650085449,-0.8495271801948547
1.0,1.2697876691818235,0.331519067287445,-0.8597748279571533,1.475563645362854,-0.35577934980392456,0.5317915081977844,0.23313921689987183,0.19573549926280973
1.0,1.3957000970840454,0.33813875913619995,-0.6729350090026855,1.8310114145278928,0.35145583748817444,1.4558856487274168,1.0222514867782593,0.528232991695404
1.0,1.6202199459075928,0.21429580450057983,0.7698872685432434,0.9904215335845948,-0.7679365873336792,-1.5181080102920532,0.47192928194999695,-1.3623261451721191
1.0,0.38233441114425654,0.02784222923219204,-0.33381855487823486,0.49239817261695856,-1.6334779262542725,0.3428946137428284,0.7171260714530945,-0.5161974430084229
1.0,0.41664379835128784,0.570439338684082,-0.38089379668235773,0.7011730670928955,-1.0176208019256592,-1.1851805448532104,0.44010755419731135,0.37102934718132013
1.0,0.7492530345916749,-0.07766587287187576,0.12677879631519315,0.6908034682273865,0.4820539355278015,0.5629774928092957,1.2514102458953855,-1.2760558128356931
1.0,1.9940590858459473,-0.5537673830986023,-0.8353782892227172,1.2208807468414307,-0.692776083946228,1.3418511152267456,2.4766874313354488,0.6784989237785339
1.0,0.5666912794113159,0.5925636887550354,-1.506786823272705,0.6093721389770508,0.46068340539932245,0.4087331593036652,0.7573418617248534,-0.8025423288345338
1.0,2.3625130653381348,-0.38639116287231445,-1.276212215423584,1.99389123916626,0.5503767728805542,0.7407453060150145,1.3256826400756836,0.6663733124732971
1.0,1.5413273572921753,-1.1368439197540283,1.6922249794006348,1.295255422592163,-1.365393042564392,0.3697765171527863,1.1754391193389893,-1.6139901876449585
1.0,0.9343037009239197,0.4124729633331298,-1.0209314823150635,1.4856268167495728,0.6096796989440918,0.6745661497116089,1.2527672052383423,0.7448175549507141
1.0,1.4437841176986694,-0.16431860625743863,-0.20532509684562683,0.4853050410747528,0.6587657332420349,-0.9577907919883728,1.555169939994812,1.6836923360824585
1.0,0.5526301264762878,0.9833083748817443,1.1082476377487183,0.6469826698303223,-1.2314659357070923,-1.1822599172592163,1.1295746564865112,0.0133546469733119
1.0,0.5969803333282471,0.0029529507737606764,-0.1047038286924362,0.6465198397636414,-1.7556903362274168,1.4204910993576048,0.3771527707576752,-0.9352622628211976
1.0,1.0341334342956543,-1.4677852392196655,1.0298340320587158,1.3003191947937012,-0.6195820569992065,-0.6692900061607361,1.031883955001831,1.58713960647583
1.0,2.454314708709717,0.6843670606613159,-0.3059375584125519,0.489025205373764,0.38730236887931824,-1.6666371822357176,1.3742550611495972,-0.9965969920158385
1.0,0.6409218311309814,-0.19232690334320068,0.8773471117019653,0.43572625517845154,-0.8114355206489563,1.2966128587722778,0.36681687831878657,-0.8580046892166138
1.0,1.5619512796401975,-1.6852622032165527,-1.2981072664260864,1.4043883085250854,-1.8806791305541992,-0.16091065108776093,2.362542390823364,-0.3674602508544922
1.0,1.6047648191452026,0.837353527545929,1.552720546722412,1.8876426219940183,-1.7182892560958862,0.14551208913326263,0.9493497014045715,-0.5387543439865112
1.0,1.0679144859313965,-0.3927274346351624,0.6194048523902893,1.3308817148208618,-1.3604254722595215,-1.188117742538452,1.1032156944274902,1.0864609479904175
1.0,1.173840880393982,-1.001238226890564,-0.9758988618850707,1.6719075441360471,-1.0442957878112793,1.1480119228363037,0.9311110973358153,0.3657999336719513
1.0,1.2726342678070068,-0.12034138292074203,1.294706344604492,1.7100967168807983,1.371071457862854,-1.0489630699157715,0.7571571469306947,0.8573262095451355
1.0,0.8051360845565795,-0.6319361329078673,-0.5538345575332642,0.9919601678848265,-0.7837743759155273,1.1489616632461548,0.7478052973747252,-0.08030014485120773
1.0,2.871960401535034,0.8813056349754332,-0.8250408768653869,2.5586154460906982,0.760128378868103,1.2025365829467771,2.049877882003784,0.7792186141014099
1.0,1.1100088357925415,0.16238118708133695,1.3081306219100952,1.571134090423584,-0.10814722627401352,-1.164570927619934,1.7028251886367796,0.9680135846138
1.0,0.5891355872154236,-1.440985321998596,0.34374663233757013,0.9901986122131348,-0.818516194820404,-1.2323014736175537,0.43374183773994446,0.937117099761963
1.0,1.73077392578125,-1.3982249498367307,1.6360156536102295,1.1171350479125977,-0.2448052614927292,-0.45667970180511475,1.777599215507507,0.8598153591156006
1.0,1.6312448978424072,-0.40103146433830256,-0.7393767237663269,1.1522213220596311,0.9032780528068542,0.07795988768339157,0.29350119829177856,1.47310209274292
1.0,0.5600559711456299,-0.3773900270462036,1.4499599933624268,0.9358732104301453,1.4395301342010498,-0.482996791601181,0.7588195204734801,-1.2654975652694702
1.0,1.6423333883285522,-0.7704732418060303,1.6305047273635864,2.2221112251281734,-0.6478190422058105,-0.2384369522333145,1.3082832098007202,0.012370850890874863
1.0,0.5205956697463989,1.28887939453125,1.2401427030563354,0.44574442505836487,-0.19885468482971191,0.27181896567344666,0.5811816453933716,-0.3267744183540344
1.0,3.5095431804656982,0.5581098198890686,1.0094023942947388,1.8630290031433103,-0.533225953578949,-0.687194287776947,1.0269434452056885,0.7298881411552429
1.0,2.2334485054016118,1.3229867219924927,-0.5060971975326538,3.157886028289795,1.3836427927017212,1.3287831544876099,1.2011163234710691,-1.371764063835144
1.0,3.7842092514038086,-0.12357552349567412,-0.44471427798271174,4.327025890350342,0.753241240978241,1.1608703136444092,0.8733670711517334,0.8303318619728088
1.0,1.2155163288116455,-0.026791559532284737,0.807260751724243,0.6120014786720276,0.7200127840042113,-1.270964503288269,2.0781204700469966,1.3479820489883423
1.0,0.6444202661514281,0.187892809510231,-1.5539677143096924,0.5501887202262878,-0.08685086667537689,-0.698523223400116,1.6138100624084473,-1.562827229499817
1.0,1.0865180492401123,-0.016570093110203743,0.3142978549003601,1.3402762413024902,0.756386637687683,-1.4213154315948486,4.004595279693604,0.7592888474464417
1.0,1.0882277488708496,-0.13449646532535553,1.6323435306549072,1.4731208086013792,-0.42504546046257013,0.046215079724788666,0.7132425904273987,-0.3822687864303589
1.0,0.9050611853599548,1.2913348674774168,-1.6456066370010376,0.6460205316543579,0.7206290364265443,-0.8423043489456176,2.5467638969421382,-0.28097233176231384
1.0,0.8112303018569945,0.018809476867318157,0.3303544521331787,1.3231241703033447,0.36518546938896174,-1.6196430921554563,0.8821613788604736,0.5533066391944885
1.0,0.7565312385559082,1.2983059883117676,1.0212968587875366,1.1354485750198364,0.7695223093032837,-0.25463142991065973,0.6303195357322693,-0.7270288467407225
1.0,1.37864089012146,0.4876463413238525,-1.4252587556838987,0.553634524345398,-1.3009214401245115,0.8320722579956055,3.0039482116699214,-0.028171679005026817
1.0,1.339048147201538,0.5842311382293701,1.4735944271087646,0.4708852767944336,-0.2392906844615936,-0.5755062699317932,1.2371350526809692,0.6242453455924988
1.0,0.8176109194755553,-1.4015549421310425,0.30399808287620544,1.1790701150894165,-0.25816914439201355,0.7172759771347046,0.9116992950439453,-1.3682371377944946
1.0,1.4796977043151855,0.6942166686058044,0.8523320555686951,2.465355157852173,0.8225609064102173,-0.6264256238937378,1.0879074335098267,-0.39482271671295166
1.0,2.322869539260864,0.4731162488460541,0.9281723499298096,1.4474914073944092,1.145017385482788,-0.8084003925323486,2.1808407306671143,1.1971702575683592
1.0,4.933531284332275,0.06895699352025986,-0.7757452130317688,2.0629451274871826,0.3293488323688507,0.3218229413032532,7.914268970489503,-0.25656262040138245
1.0,1.4169094562530515,1.1751290559768677,-1.2278772592544556,1.854163646697998,1.04587984085083,0.5179610848426819,0.2690154612064361,-0.2165440768003464
1.0,2.7359321117401123,0.18041372299194333,0.9609183669090272,2.2836346626281734,-0.4106707572937012,-0.8004723787307739,1.1783009767532349,-0.8022001385688781
1.0,1.6013784408569336,0.42199543118476873,-0.29822152853012085,0.6961350440979004,0.64542156457901,-0.7212749123573302,1.614425778388977,-0.5158795118331909
1.0,0.9751594066619872,-0.23001159727573395,-0.612434983253479,0.7932998538017274,0.9183538556098938,0.5801199674606323,0.9156922101974488,0.9963435530662536
1.0,0.7600551843643187,-0.6391150355339049,-1.5926001071929932,0.9769746065139769,0.33054089546203613,0.24102717638015747,0.2740038335323334,-0.6737134456634521
1.0,0.6813993453979492,-0.7548035979270934,-1.5138550996780396,0.6464126706123352,0.060275036841630936,0.9605494141578673,4.611407279968262,0.8096680045127869
1.0,2.0325698852539062,-0.6838650703430176,1.5348896980285645,2.9532573223114014,0.17233604192733765,-0.2672517001628876,0.5604928135871887,0.5752846002578735
1.0,3.9657123088836665,-0.4378651678562164,1.388753056526184,0.6499249339103699,-0.46899664402008057,-1.2915022373199463,0.9630730748176575,1.5652947425842283
1.0,1.021578311920166,0.3756249845027924,-0.12970949709415436,0.5522158741950989,1.4670619964599607,-1.3476940393447876,1.6572856903076172,1.5464907884597778
1.0,2.88450026512146,0.7757617235183715,-1.5713014602661133,1.9425253868103027,0.7570201158523558,-0.3503944277763366,3.978792428970337,-1.3273289203643799
1.0,1.0695478916168213,-0.2867387533187866,-1.3205158710479736,0.8646914958953857,-1.4644235372543335,-1.500027060508728,2.5497968196868896,-1.162570238113403
1.0,1.3541340827941895,-0.29715344309806824,0.25335830450057983,0.59410160779953,-0.12069964408874512,-1.3003246784210205,3.36548113822937,-0.8698102235794067
1.0,0.5297999978065491,0.6442479491233826,-0.5583184957504272,0.8639736771583557,-1.6974632740020752,0.5014021992683411,2.808016777038574,0.7783024311065674
1.0,1.21670925617218,0.1818457990884781,1.3911772966384888,2.0020601749420166,-0.18903319537639615,-0.13663960993289948,0.18093194067478177,-0.5530529618263245
1.0,0.8937587738037108,1.3867280483245847,0.2223170101642609,0.7445588707923889,0.1097823455929756,-1.249835968017578,2.0020923614501958,-0.9892178773880003
1.0,1.0590475797653198,1.9931524991989131,1.70986807346344,1.380340337753296,1.9906358718872073,-0.03991374000906944,4.309267044067383,0.6654902696609497
1.0,1.5225495100021362,-0.2824769914150238,0.9479138255119325,1.2802270650863647,-0.42317208647727966,-1.4053986072540283,0.5099262595176697,-0.9916960000991821
1.0,1.0634065866470337,0.146629199385643,0.4539608955383301,1.562907338142395,0.690594494342804,1.636342167854309,1.4579682350158691,-1.0295631885528564
1.0,0.7732123732566833,-1.4147740602493286,-0.23386435210704803,0.7608601450920106,0.4700073301792145,-0.7510492205619811,1.6268082857131958,0.7991428971290588
1.0,0.800037384033203,-1.8112058639526367,0.7541272044181823,0.7432581186294556,-0.8749200701713562,1.6203424930572508,0.6627979874610901,0.9348101019859314
1.0,2.556313753128052,-0.7418065071105957,-0.939900279045105,1.5485177040100095,-1.4696135520935059,0.8626691102981566,1.1461246013641355,1.2610769271850584
1.0,0.9865050315856931,-1.3382761478424072,0.1385287046432495,1.3396462202072144,-0.4312256574630737,-1.267403483390808,0.33062025904655457,-1.583209753036499
1.0,2.47656798362732,-0.36254453659057617,0.043450817465782166,1.899535894393921,0.2792034149169922,1.5149428844451904,1.8385199308395384,-0.7949147820472717
1.0,1.1135288476943968,0.6314736008644104,0.56455397605896,0.6881420016288757,0.2463687360286713,-1.5829290151596067,1.0980710983276367,0.9497284889221193
1.0,0.5228057503700256,-0.9541639089584351,-1.14948570728302,0.7586914896965027,0.08706820756196974,-1.261159300804138,0.7703378200531005,-1.6199895143508911
1.0,1.1637924909591675,-0.41640082001686096,-0.17048403620719907,1.5434238910675049,0.3375119864940644,-1.0193324089050293,0.9345442652702333,-0.13814345002174375
1.0,0.9416608810424804,-1.133345603942871,-0.3727807700634002,0.597663164138794,-0.5914645195007324,-1.550477147102356,1.1146655082702637,0.9741564393043518
1.0,1.3376985788345337,0.2565937340259552,0.165495827794075,0.4302017390727997,1.2305949926376343,-0.5293200016021729,1.2969725131988523,-1.5997672080993652
1.0,4.925548553466797,0.5739677548408508,0.5352857708930969,2.025111675262451,0.13471254706382751,-1.105386734008789,0.5544987916946411,-0.7844283580780029
1.0,0.7389322519302368,-1.325805425643921,0.9068792462348938,0.8595420718193054,-0.27996888756752014,-0.5602023601531982,1.4043333530426023,0.38041418790817266
1.0,0.9388167858123779,1.521593689918518,1.0010308027267456,1.0609368085861206,0.41623052954673767,-1.2901495695114136,0.8749769926071168,1.3471044301986694
1.0,0.5498573780059814,-0.4867440462112426,-0.19051761925220487,0.703860342502594,-1.2008036375045776,1.276400804519653,1.4160659313201904,-0.16288653016090393
1.0,0.7492772340774536,0.9846874475479125,-0.6464399695396423,0.7605922818183899,-1.057831048965454,1.1660267114639282,0.9341930747032163,-0.7669491171836853
1.0,1.332682728767395,-1.5259007215499876,-0.056457892060279846,1.074514389038086,-0.8446697592735289,1.5505582094192505,1.2440218925476074,-0.8609740138053894
1.0,0.5201844573020935,-0.09398127347230913,0.24048742651939392,0.5315323472023009,-0.7437164783477782,0.7625308632850648,0.947149097919464,1.0226424932479858
1.0,0.9822096228599548,-1.1726331710815427,-0.00629021879285574,1.237471342086792,-0.4309727847576141,1.543276071548462,0.9533780217170716,0.03408096730709076
1.0,0.3896685838699341,0.3057408928871155,0.9362898468971251,0.4459437131881714,0.03630911558866501,1.553544998168945,0.9301716089248656,-0.19332872331142423
1.0,0.6087499260902405,-0.49971851706504816,-0.10533058643341064,0.8325453996658325,-0.2909370958805084,-1.2573553323745728,0.6822839379310608,0.7424608469009398
1.0,0.7010645866394042,0.28874269127845764,1.16045343875885,0.46279788017272955,-1.3951821327209473,0.1360083967447281,1.4441603422164917,-1.0302364826202393
1.0,0.3464145064353943,1.74318265914917,0.08890941739082336,0.5583789944648743,1.089723229408264,1.38559889793396,1.443613052368164,0.9340208768844604
1.0,1.7709649801254272,0.8681452870368956,-0.12530343234539032,1.7160303592681885,0.6882968544960022,-1.5933139324188232,1.061174392700195,0.8468121290206909
1.0,1.1466364860534668,-1.7557729482650757,-0.4129412472248077,0.5309237837791443,-1.2932847738265991,1.2846710681915283,0.05467386171221733,-0.7749574184417725
1.0,2.1517553329467773,0.16903027892112732,0.044029925018548965,0.49536395072937006,-0.13216134905815125,-0.6239854097366333,2.012502431869507,0.41143092513084406
1.0,1.775369882583618,1.4558594226837158,-1.4269652366638184,1.3678386211395264,0.6058712005615233,0.730735957622528,1.414595127105713,-0.5418335199356079
1.0,1.3233256340026855,-1.0256919860839844,-0.010238898918032646,0.8983784317970275,-0.25739559531211853,0.9584017395973203,1.1302987337112427,1.604304313659668
1.0,0.892012119293213,-0.20995496213436127,-1.1603587865829468,1.3088544607162476,0.01319525483995676,0.2575026750564575,0.7160804867744446,-1.6327885389328003
1.0,0.7605007290840149,-0.8337300419807434,-0.1769145131111145,0.7137735486030579,-1.6458103656768799,1.2361921072006223,1.4772489070892332,1.3832827806472778
1.0,1.7896411418914795,-0.53421950340271,-0.450928807258606,1.6277930736541748,-0.5875876545906067,1.3285126686096191,4.404268264770508,-0.20913678407669067
1.0,1.3584625720977783,0.2431441694498062,-0.4537643790245056,0.7135378122329712,1.0026956796646118,1.3385442495346067,0.526749849319458,0.1781204491853714
1.0,1.0965040922164917,0.41126373410224915,1.1440749168395996,1.5831280946731567,0.48181009292602534,0.6734232902526855,1.4738510847091675,0.8289906978607178
1.0,0.3785941004753113,-0.6489881873130798,-1.47330105304718,0.5803911685943604,-1.615617752075195,0.41841793060302734,0.9258160591125488,0.08516183495521545
1.0,1.2988826036453247,0.004969628527760506,-0.4809595942497253,0.9123288393020628,-0.1847889274358749,1.5458158254623413,0.6080800294876099,1.194940447807312
1.0,0.6419594287872313,0.341448575258255,0.46537005901336664,0.6804981231689453,-0.8028308153152467,-1.3538001775741575,0.5319548845291138,-1.1782556772232056
1.0,1.2411396503448486,-1.1543179750442505,-1.5988069772720337,0.8876959085464476,-0.1646071821451187,-0.02685926668345928,1.0293139219284055,0.5382398366928101
1.0,1.057312250137329,1.1819993257522583,0.6374785900115967,0.49598756432533264,-0.34516286849975586,1.3544002771377563,2.595450162887573,-1.4166405200958252
1.0,1.6017985343933103,0.4877960681915283,0.9646236896514893,0.9113580584526062,-0.22055141627788544,-0.47543644905090326,1.0779511928558347,-0.9346717596054077
1.0,1.7931674718856812,-0.22521840035915372,0.45273828506469727,1.9750506877899168,-0.033445682376623154,-1.6250150203704832,0.49503529071807856,0.2001061290502548
1.0,0.5865945219993591,-0.6536132097244263,0.8978009223937987,0.5291879773139954,1.5008795261383057,-1.1052488088607788,0.6744325757026672,-0.799192190170288
1.0,1.2827653884887695,1.4440279006958008,0.7747521996498109,0.6561629772186279,1.0948637723922727,-0.47917023301124567,1.1554970741271973,-1.3926321268081665
1.0,0.6137582063674927,0.7638636231422424,-0.23452645540237424,0.47151318192482,0.8696748018264769,1.619392991065979,0.31843382120132446,-1.5749309062957764
1.0,1.0802531242370603,-0.6769519448280334,-0.81672465801239,0.8211665153503419,-0.9019328951835632,1.3628473281860352,0.9151005148887633,-0.2603868544101715
1.0,1.0978444814682007,0.8582814335823059,1.1350132226943968,1.4209104776382446,0.5642217397689819,-1.0543404817581177,0.6844491958618164,1.5828787088394165
1.0,0.559359610080719,-0.9788110852241517,0.4618276357650757,0.4959104359149933,-0.8591111302375793,1.0458530187606812,3.009170055389404,0.5976097583770752
1.0,0.5003562569618225,-1.8796728849411009,-0.9058842658996582,0.6893805265426636,-1.1627682447433472,0.9155925512313842,0.967126488685608,0.9877557158470154
1.0,0.8816149234771729,-0.5973703861236572,-0.14074593782424927,0.964132010936737,-1.401624321937561,1.408692955970764,0.45301342010498047,-1.1231796741485596
1.0,2.0254149436950684,-0.44115063548088074,0.6560107469558716,2.290106296539306,-0.35522159934043884,-1.0537055730819702,1.224273681640625,-1.0285531282424927
1.0,3.504679679870605,-0.5871036648750305,0.8561865091323853,1.8282214403152464,-0.39284181594848633,-1.0957969427108765,0.8001003861427307,-1.0037885904312132
1.0,4.177806377410889,0.6266526579856873,-0.07630206644535063,3.134870767593384,-0.09392905980348588,1.6851691007614136,1.3482927083969116,1.296212077140808
1.0,2.1843841075897217,0.3004128634929657,1.0597361326217651,1.9119863510131836,-0.6723570823669434,-0.6195024251937865,1.1219514608383179,-0.6280696988105774
1.0,1.926191449165344,1.479077100753784,-1.688850164413452,2.484127283096313,1.719461679458618,-0.3097323477268219,1.553356885910034,1.1788299083709717
1.0,2.921546936035156,-0.7029537558555603,1.1995995044708252,0.5766517519950867,2.0509471893310542,1.1757932901382446,5.369226932525635,1.2572466135025024
1.0,0.38135284185409546,-0.8663893938064574,1.541786789894104,0.4924260079860687,-0.024701248854398727,-0.9481899142265322,0.18050892651081085,0.9131914377212524
1.0,1.8240524530410769,0.38266089558601374,-1.242516279220581,2.1941888332366943,-0.5284940004348755,0.2897586226463318,1.504545211791992,0.8002357482910156
1.0,1.0466376543045044,-0.5782766342163086,1.3851747512817383,1.609505295753479,0.051087971776723855,0.7392105460166931,1.9737471342086792,1.608211874961853
1.0,1.0269659757614136,-1.6966650485992432,-0.8266422748565674,0.45013317465782166,-1.5143464803695679,-0.14237916469573975,1.108290672302246,-1.7095935344696045
1.0,0.6446506977081299,-0.03336270526051521,-1.4706007242202759,0.6485063433647156,1.3662686347961424,-0.21446239948272705,0.5765650272369385,1.0146838426589964
1.0,1.7485462427139282,0.43658614158630366,-1.5331162214279175,2.5220785140991206,1.1403135061264038,0.06884264200925827,1.380126953125,-0.5252229571342468
1.0,0.6209982037544249,-0.6649259924888611,-0.5967080593109131,0.5823626518249512,-1.0875048637390137,1.2778363227844238,0.25166511535644526,1.0798709392547607
1.0,2.3332576751708984,-1.2976516485214231,0.34666118025779724,2.2393832206726074,-0.17602191865444183,1.6716816425323486,0.8592981696128845,1.7153669595718384
1.0,1.413332223892212,1.6508336067199707,1.690424919128418,1.9319584369659424,0.1297927349805832,0.0714656338095665,1.101635456085205,-1.5423786640167236
1.0,1.6906846761703491,-0.2999940514564514,1.1822381019592283,1.96335244178772,-0.7061762213706969,-0.484922468662262,1.500178337097168,0.9937164187431335
1.0,2.194887161254883,-0.9087714552879331,1.134002685546875,3.219602108001709,0.04007196053862572,-0.6510488986968994,0.9061374068260192,0.129867821931839
1.0,1.0642327070236206,0.8095983266830444,-1.5726157426834106,0.9122152924537658,-0.7305824756622313,-0.6547976136207581,1.0306867361068723,-0.3165622651576996
1.0,3.866985082626343,-0.9004380106925964,-0.749758243560791,1.310958743095398,0.7960169315338135,1.4842907190322876,2.691044330596924,1.1628187894821167
1.0,0.8661113381385803,0.36963012814521784,-1.5722622871398924,0.7052275538444519,-1.0810296535491943,-0.20640185475349423,3.3747737407684326,1.7360858917236328
1.0,0.9257715940475466,0.9803820252418518,0.5232868194580078,1.0339679718017578,-0.2452525943517685,-1.4947545528411863,0.31208524107933044,-0.9822030067443848
1.0,1.1209152936935425,-0.5718839764595032,-0.3443850874900818,1.040051817893982,0.8939113616943358,0.7175188660621643,2.7102451324462886,-1.6623659133911133
1.0,0.7799227833747863,1.2209335565567017,-1.4335805177688599,0.9735416769981384,1.2319048643112183,0.31388553977012634,0.4334442317485809,-0.06116953119635581
1.0,1.0879056453704832,-0.6640438437461853,1.6007184982299805,0.6321150660514832,0.42004147171974177,-0.29458680748939514,0.8806676864624022,0.4522513747215271
1.0,1.99614691734314,1.0727226734161377,-0.6719961762428284,2.6461756229400635,-0.8850612044334412,1.4988549947738647,3.180917978286743,-1.6481153964996336
1.0,1.1254982948303223,1.3852733373641968,0.03329310193657875,1.3512417078018188,0.17168110609054563,-0.855532467365265,5.247738838195801,-0.9158789515495299
1.0,0.8956035375595092,0.03998459503054618,0.49463215470314026,0.9379132986068723,-0.5077924132347107,1.3770967721939087,0.7889127731323241,-1.3422694206237793
1.0,1.0231339931488037,0.451597273349762,1.288604497909546,1.71734619140625,-0.46112102270126337,0.04561517760157585,1.0200475454330444,-0.7087492346763611
1.0,0.6532121300697327,-0.20504151284694672,-0.20156732201576233,0.48501360416412354,-0.9777977466583253,0.6230008602142334,0.6983561515808105,1.397141456604004
1.0,0.868003249168396,-0.3385818600654602,1.1153490543365479,1.413525938987732,-0.7456219792366029,-0.6073564291000366,0.6699527502059937,-0.7425984144210814
1.0,2.2711696624755855,0.3272918164730072,1.348425269126892,3.642595052719116,0.006369775626808405,-0.1700996607542038,1.1028599739074707,-1.0063273906707764
1.0,0.5217656493186951,-0.9632709622383117,-1.7018547058105469,0.5142046213150024,-0.537692666053772,-0.7729671597480774,1.37682044506073,0.5817586183547974
1.0,1.2145818471908567,1.7316116094589231,-0.8724590539932251,0.5246621370315552,1.2425484657287595,-0.02041569910943508,0.23938408493995664,1.0202858448028564
1.0,0.8352685570716859,-0.8789947032928466,0.5334098935127257,1.1433988809585571,-0.9316560626029968,-1.6251971721649168,1.2794476747512815,-0.8252483010292053
1.0,5.741044044494629,0.057775374501943595,-0.8945087790489197,1.2145076990127563,-1.1728187799453735,1.042004942893982,2.968043327331543,-1.3369433879852295
1.0,0.4153287410736084,-0.05281470715999603,-1.1299043893814087,0.6388931274414064,0.7919875979423523,-1.6527243852615356,2.192014694213867,0.9183187484741211
1.0,1.1746021509170532,1.3474825620651243,1.4601813554763792,0.9549388885498048,-0.18270798027515409,-0.1485984772443771,0.9624106287956237,0.5036433339118958
1.0,2.8797390460968018,0.8212147355079651,-0.07757435739040375,3.622580289840698,1.655229091644287,1.7174553871154783,0.951127290725708,-0.5282182097434998
1.0,2.145135164260864,-1.30274760723114,-1.4362367391586304,1.0666263103485107,-1.2129218578338623,-0.05556613206863403,2.453815221786499,1.3676966428756712
1.0,2.106064558029175,0.4157794117927551,-0.298483282327652,0.48053491115570074,-0.5678013563156128,-1.4937773942947388,1.7675426006317139,0.901645302772522
1.0,1.542855143547058,0.022207185626029968,1.444327473640442,0.981650471687317,-0.20074205100536344,-0.9783561229705809,0.8660801053047181,-0.818078875541687
1.0,1.1277618408203125,-0.8033049702644349,-0.2679593861103058,0.8121554255485535,0.2140415161848068,1.6300207376480103,1.9770764112472532,-0.5889552235603333
1.0,0.7141377925872803,-0.3249380588531494,0.23784567415714264,1.0949364900588987,-0.636997401714325,-1.2338142395019531,3.970434904098511,-0.5209764838218689
1.0,0.6163272261619568,0.7717328667640686,0.20591750741004944,0.5712108016014099,-0.2634234130382538,0.1375868320465088,0.20478710532188413,-1.5030710697174072
1.0,2.775817632675171,0.3135967254638672,-0.04662045836448669,1.8291707038879397,0.08002906292676924,1.3817176818847656,0.8876958489418029,-0.32365334033966064
1.0,1.3802448511123655,0.7508445978164672,0.5173036456108093,1.3083144426345823,0.614760160446167,-1.4741395711898804,1.6912635564804075,-0.9526090621948241
1.0,1.270424246788025,0.7709928750991821,0.41998070478439326,1.2538968324661255,-0.16971233487129211,-1.4485280513763428,1.3567415475845337,1.6914522647857666
1.0,0.5622214674949646,0.08267607539892195,0.9939846396446227,0.9300509095191956,0.3741230070590973,-0.011905602179467678,0.08989644795656204,-0.011012244038283823
1.0,0.4466846585273743,-0.3028901517391205,0.8835262656211853,0.6648890376091003,-0.3278636336326599,-1.1313626766204832,0.1638917177915573,-1.1207787990570068
1.0,2.1185789108276367,-0.26357579231262207,-0.7471794486045836,0.7360749840736389,0.6948108077049255,1.0229908227920532,1.6896103620529175,1.4238874912261963
1.0,1.1313621997833252,-1.2048485279083252,-1.4785966873168943,0.6489606499671936,-1.4178452491760252,0.7023252844810486,1.2276258468627927,-0.32375267148017883
1.0,2.871107339859009,-0.23320539295673368,1.3364810943603516,1.3623677492141724,0.677035391330719,-0.48994871973991394,4.807897090911865,-0.6237095594406128
1.0,2.08215594291687,-0.9125975966453552,0.8696272373199463,1.2665122747421265,0.23060013353824613,-0.7183488011360168,1.1890416145324707,0.15286242961883545
1.0,0.4208780527114868,-1.367069125175476,-1.670715570449829,0.6462798118591309,-0.98419052362442,1.5098856687545776,0.487368643283844,-0.09270121157169342
1.0,1.3010467290878296,-0.05898044630885124,0.15604642033576965,2.0014665126800537,-0.3548072278499603,-1.265669822692871,0.48134040832519526,1.2858194112777708
1.0,2.174772500991821,0.8463656306266784,-0.5991985201835632,2.2990639209747314,-0.5368614196777344,0.7685210108757019,1.6437629461288452,0.585765540599823
1.0,1.4222437143325803,-0.8028113245964049,-0.249748095870018,0.8723996877670288,-2.052732229232788,1.6396381855010986,0.8810656666755676,1.3713502883911133
1.0,1.2038931846618652,0.7801899313926696,-0.08149725198745726,1.9774914979934688,0.8942160606384277,-1.3394733667373655,0.6648446321487427,0.8948842883110046
1.0,1.560970902442932,0.9130585193634032,0.8503385782241821,1.4881790876388548,0.7832881808280944,-1.1115481853485107,1.3282139301300049,-1.174883484840393
1.0,1.9633398056030276,0.21618784964084625,-1.3182240724563599,0.6184581518173218,0.803573727607727,-0.13902245461940765,2.3716411590576167,0.4582116007804871
1.0,0.6380574107170105,-1.2123663425445557,-0.47919750213623047,0.8851714730262755,-0.6989291310310364,-0.6138600111007689,0.7206880450248718,0.8448859453201294
1.0,0.7424625158309937,0.2857120335102081,-0.04621618241071701,1.1321377754211424,-0.11306621134281158,1.4251673221588135,1.7109434604644775,-1.03237247467041
1.0,0.555500864982605,0.8807421326637267,-0.807988703250885,0.43354690074920654,-1.5868172645568848,-0.907848596572876,2.124344110488892,-1.5868302583694458
1.0,0.6506214141845703,-0.5225106477737427,0.3656328618526458,0.5476193428039551,0.6918203830718994,-0.16632720828056335,2.525214195251465,-0.40128403902053833
1.0,0.4206591248512268,1.603330373764038,-0.657417893409729,0.5866013765335083,0.409760296344757,-0.2300451695919037,0.6074996590614319,1.4134286642074585
1.0,1.5639371871948242,-0.26601192355155945,-0.4646771550178528,2.144880056381225,0.25224992632865906,1.2996879816055296,0.06815280020236969,-1.297409415245056
1.0,2.495575189590454,-1.0037356615066528,-0.3852402567863464,1.0434762239456177,-1.8200876712799072,1.5097531080245972,0.5513883829116821,1.2138160467147827
1.0,1.6473492383956907,0.738265335559845,1.4889017343521118,0.5897536277770996,0.8645259737968445,-0.10349205881357192,2.0976178646087646,-0.07962073385715485
1.0,0.4991519749164581,-0.5715838074684143,0.46399340033531195,0.8194135427474974,-1.766251564025879,1.443623661994934,0.889658212661743,0.18691472709178925
1.0,0.9787977933883667,-0.1408991813659668,0.8490629196166992,1.34261417388916,0.6900812983512878,-1.0610594749450684,0.7595789432525634,0.6662243008613585
1.0,0.7654848098754883,-1.924535632133484,0.9224514961242675,0.7926398515701294,-1.3114086389541624,-0.4543024003505706,0.40788334608078,1.6115068197250366
1.0,0.7302333116531373,-0.9718567132949827,-0.09231391549110413,0.44432583451271057,-1.528886795043945,-0.04303725063800812,0.13355568051338196,-1.2250971794128416
1.0,2.0321624279022217,1.2859277725219727,0.1157556027173996,0.8359291553497313,1.3450636863708496,-1.5726161003112793,2.3597831726074214,-1.395093560218811
1.0,1.3773932456970215,-1.6361192464828491,-0.4755838215351105,0.7300919890403748,-1.0563976764678955,-1.5744158029556274,0.6929425001144409,1.2437797784805296
1.0,1.6145166158676147,1.2470775842666624,-0.1766444742679596,0.9370153546333314,0.047366399317979806,-1.2968133687973022,2.629747152328491,0.11890891939401627
1.0,1.5565152168273924,-0.9494042992591858,-1.536401867866516,1.5239231586456299,-0.37860801815986633,0.1824668645858765,0.9481832385063171,0.1396213322877884
1.0,0.7373816370964049,-0.004706540144979954,0.47022289037704473,0.8770733475685119,-0.6879979968070984,-1.2714447975158691,0.5440717339515686,-1.393150806427002
1.0,0.6091585755348206,-0.35287573933601374,-1.156625747680664,0.6064406037330627,0.1344728171825409,-0.8337801098823547,0.5723714232444763,1.0124430656433103
1.0,2.26278018951416,-0.9862027168273924,0.5347700119018555,1.8590260744094849,-0.21826699376106265,-0.9694619774818419,1.687466740608215,-1.109370708465576
1.0,1.0029569864273071,-0.5257893204689026,-1.3237351179122925,1.3070544004440308,0.5526611804962158,0.867544114589691,3.672399044036865,0.4535539448261261
1.0,1.212732195854187,-0.21913354098796844,0.9271397590637208,0.5905572175979614,-0.4425382614135742,-0.033845871686935425,1.6548343896865845,1.2524945735931396
1.0,1.2459797859191895,-1.3714922666549683,0.15074025094509125,1.4178760051727295,-1.3290300369262695,-1.2734156847000122,1.5740058422088623,1.0865215063095093
1.0,1.5483421087265015,-0.08014892041683197,-1.248281478881836,0.6074456572532654,-0.8758015632629393,-0.7391682267189027,0.6493756175041199,-1.5786949396133423
1.0,0.7021059393882751,-1.190813660621643,-1.5054506063461304,0.7186830043792725,-0.9270262122154237,1.4207340478897095,0.9860081076622008,1.1038076877593994
1.0,1.0860711336135864,0.7241346836090087,-0.074716679751873,1.16206157207489,0.1750653237104416,-1.1602756977081299,1.106423020362854,1.2628486156463623
1.0,1.5565533638000488,-0.7404189705848694,-0.6963099837303162,0.8423364758491517,-1.278620958328247,0.6419596672058105,5.323128700256348,0.49794477224349976
1.0,0.6969907283782959,-0.814096450805664,0.1948065012693405,0.43872421979904175,0.39492344856262207,-1.421414852142334,1.214832782745361,-0.015080767683684824
1.0,0.6961135268211365,-0.6412248611450195,1.4320573806762695,0.6767094135284424,-1.5315889120101929,0.33319547772407526,0.2887214720249176,0.7766743302345277
1.0,1.1346963644027708,-0.49497494101524353,1.3281537294387815,1.3989667892456055,-0.28508391976356506,-0.8902920484542847,0.7489010095596313,-0.6744198799133301
1.0,1.2492121458053589,-1.1863232851028442,-0.8827412128448486,1.8294621706008911,0.6281174421310425,1.1205289363861084,1.0567127466201782,0.31848114728927607
1.0,0.6591752171516417,2.066210985183716,-0.588701069355011,0.8088274598121643,0.32227227091789246,0.5361298322677612,0.858554720878601,1.6485129594802856
1.0,0.64703768491745,1.0578217506408691,-0.4178006947040558,0.8406864404678344,-1.1584103107452393,1.4310636520385742,1.1292577981948853,-0.8668740391731262
1.0,2.567847728729248,0.09709941595792769,0.07180420309305191,1.347275137901306,-0.5294430255889893,1.2745071649551392,2.9258217811584473,-1.7212942838668823
1.0,0.4010778963565826,-0.6684553027153015,-1.29146409034729,0.6483927369117737,0.12115012854337692,-0.666601300239563,0.16509121656417847,0.6874842047691345
1.0,1.1872565746307373,-0.5127299427986145,0.09703627973794936,0.9019527435302734,-0.6999556422233582,-1.0981378555297852,1.2980215549468994,-0.6976115107536316
1.0,1.4975334405899048,-0.7638190984725952,1.7325583696365356,0.49266389012336725,-1.2511385679244995,-0.5383141040802002,1.1973536014556885,1.6159331798553467
1.0,1.0690971612930296,0.29042449593544006,0.22697211802005768,0.6325629353523254,0.21916151046752927,-1.3649744987487793,1.9505213499069212,-0.7583391666412354
1.0,1.1664659976959229,0.4795298874378204,0.65943443775177,1.918805122375488,0.14808712899684906,-0.9929258823394777,0.7442147731781005,-1.1849007606506348
1.0,0.67757248878479,0.8255572319030762,0.43107238411903376,0.7562978863716124,-0.2907097041606903,1.6516075134277344,0.8113746643066406,-0.4593475759029389
1.0,0.9676775336265566,-0.5744731426239014,-1.2042869329452515,1.0338565111160278,0.5704992413520813,-0.28731027245521545,0.9644743800163267,0.8184159398078918
1.0,0.5123919248580933,0.10097014158964156,0.7202878594398499,0.7182436585426331,-0.964163661003113,-1.4294255971908567,0.5665985345840454,-0.5885854363441467
1.0,0.8781840205192566,-0.1045725792646408,-1.1356749534606931,0.6094428300857544,0.7798240780830382,0.03108756057918072,1.180832266807556,1.0800310373306274
1.0,0.906614363193512,-1.161793828010559,0.804162859916687,0.5961952805519104,-0.7282230854034423,1.5322508811950684,1.3142465353012085,-0.8527117371559142
1.0,1.807896971702576,0.3508020639419556,0.6513887643814087,2.03802490234375,-0.6292338371276855,-1.4183285236358643,1.1802393198013303,-1.4120540618896484
1.0,1.0910831689834595,1.255722165107727,-0.14998106658458707,0.8403842449188232,0.026030248031020164,-0.6829929351806641,0.557839572429657,-1.7216529846191406
1.0,0.3365634381771088,1.4482240676879883,0.9439435005187987,0.4612078368663788,0.6743168234825134,0.8925924897193908,1.1300057172775269,0.043274886906147
1.0,2.0649950504302974,0.24332328140735623,-1.0826407670974731,1.17782723903656,0.1717684268951416,0.31814658641815186,1.0999342203140259,0.5303274989128113
1.0,0.8755933046340942,0.10599879920482635,-1.6791588068008423,1.0076099634170532,-1.0070677995681763,0.028485555201768875,0.9481422305107117,0.18517728149890897
1.0,1.6783232688903809,-0.22935988008975983,-1.1386348009109497,2.814952850341797,0.07090114057064056,0.4030024409294128,2.4664711952209473,1.0121228694915771
1.0,0.7271270155906677,0.8738635778427123,-0.9856287240982056,0.5125438570976257,0.10472579300403594,-1.0479196310043335,0.5623273849487305,0.3370079696178436
1.0,0.8168675303459166,0.27968519926071167,-1.0357637405395508,1.0827046632766724,-0.32174023985862726,-0.10120971500873564,0.7294048070907592,1.2045052051544187
1.0,1.4225492477416992,0.09163768589496611,-1.6652818918228147,0.796899974346161,0.5388063192367554,0.4244550466537476,1.7911105155944824,-0.2961617112159729
1.0,0.7837203741073608,-0.3702632784843445,-1.2341890335083008,1.051642894744873,0.5689274072647095,0.31050562858581543,0.4686249494552612,-1.6317565441131592
1.0,2.399432420730591,-0.8790619373321533,-0.3821257948875427,1.4670369625091553,0.4239133894443512,1.4583866596221924,5.173820018768311,1.2456287145614624
1.0,0.5339311361312865,-1.453826069831848,-1.0776985883712769,0.7127363681793213,0.673374354839325,0.5195438861846924,2.3619494438171382,-0.24686099588871
1.0,1.169844627380371,-0.25946035981178284,0.5473300218582153,1.5399179458618164,0.21612577140331268,-1.29827082157135,0.4646240174770355,0.3536372780799866
1.0,1.6812766790390015,-0.1647617667913437,1.433979034423828,2.612424373626709,1.0669282674789429,0.0997299477458,2.0996134281158447,-1.052484393119812
1.0,2.4403109550476074,0.1843668669462204,-1.200912833213806,3.251574754714966,-0.9887544512748718,0.6379072666168213,0.782736301422119,0.6184446811676024
1.0,0.7587833404541015,0.13085030019283295,1.4274961948394775,0.5881870985031128,-0.15118563175201416,0.2699374258518219,0.9417080879211424,-1.5849095582962036
1.0,2.713029623031616,-0.7373858094215393,-1.4747532606124876,3.556856632232666,-0.7431694865226746,0.4988791346549988,0.4926716983318329,-0.5384259223937988
1.0,0.5304556488990784,-1.6613045930862427,-1.7342195510864256,0.46384149789810175,-0.7905609607696533,0.5093186497688292,2.4709181785583496,-0.5157972574234009
1.0,0.8490457534790038,-1.1741803884506223,1.488200545310974,0.8985605239868163,0.4605441987514496,0.5055428743362427,0.6100890636444092,1.053969383239746
1.0,0.4698431789875031,1.5806425809860227,1.0459309816360471,0.6816295981407166,1.5098837614059448,-1.4914530515670776,1.0122861862182615,-0.3812488317489624
1.0,0.6534285545349121,-0.1959991753101349,0.4978189468383789,0.8192678689956666,-1.4027035236358643,-1.3568643331527708,0.8656342625617982,-1.5199707746505735
1.0,1.2258167266845703,0.09231545776128769,1.413337469100952,0.6257247924804688,-1.0286846160888672,-0.4007374048233032,0.8421337008476257,-0.2990979254245758
1.0,2.107388496398926,1.1198474168777464,1.7266441583633423,1.872200846672058,0.5520515441894531,0.1335858255624771,1.72654128074646,1.3664493560791016
1.0,0.9044068455696106,-0.24796591699123385,0.47257804870605463,1.491927146911621,0.023196909576654438,1.574220895767212,0.905122697353363,-1.0395197868347168
1.0,0.4973747134208679,1.0205440521240234,-0.707321047782898,0.8223236203193665,-0.01756530813872814,1.689199447631836,1.376067876815796,-1.4590721130371092
1.0,1.9856568574905396,-0.6783587336540222,1.5994428396224976,1.3994961977005005,-0.5064430236816406,-0.47097387909889216,2.9960920810699463,1.4536359310150146
1.0,1.542753219604492,0.31147509813308716,-0.27275532484054565,0.5159725546836853,1.0890476703643799,0.7228575348854066,1.382806420326233,1.458752155303955
1.0,1.9939955472946167,-0.7395268082618713,-0.4959222376346588,1.7075893878936768,-0.8594160079956055,1.2332603931427,0.8178611397743225,0.9413779377937315
1.0,0.7037329077720642,0.7124308347702025,1.2028133869171143,0.6572216153144836,1.048079490661621,-1.2519006729125977,1.0497256517410278,-0.6137198209762573
1.0,0.9703776836395264,-0.48539188504219055,-1.4279260635375977,0.6895541548728943,-0.6110794544219971,0.3054048717021942,1.8949937820434568,0.9205871224403379
1.0,0.9508792161941528,-0.41706264019012446,0.9234620928764344,1.4347879886627195,0.7713289260864259,-0.2723022401332855,0.4527694284915924,-0.8509179949760437
1.0,0.8492189645767213,0.2854723632335663,-1.352301001548767,1.351785898208618,-0.7018017768859863,0.04066810756921768,0.2951863706111908,-1.3371973037719727
1.0,1.046057105064392,1.2459086179733276,-1.1694204807281494,0.8588498830795288,1.2166149616241455,-0.15485861897468567,2.027894973754883,-1.6825330257415771
1.0,2.1301002502441406,1.7618173360824585,1.711927890777588,1.720826268196106,0.3239800631999969,-0.13474759459495544,2.8332834243774414,-0.6290963292121887
1.0,1.926051378250122,-0.6342284679412842,0.6258490681648254,0.4739711284637451,-0.12361841648817062,1.6782238483428955,2.395642280578613,0.3891300857067108
1.0,0.9360669851303101,0.41221901774406433,-0.31420356035232544,0.6192124485969543,2.0039403438568115,0.5880866050720215,0.8420219421386719,-1.422777771949768
1.0,1.7335238456726074,-0.8309550285339355,-1.4309686422348022,0.5526873469352721,-1.449924349784851,0.24175870418548584,1.7229723930358887,0.10879500210285185
1.0,0.7464077472686766,0.9202650785446168,-1.4287763833999632,0.9959502816200256,0.6040167808532715,0.29175442457199097,0.685596227645874,-0.4674381613731384
1.0,0.7287807464599609,-1.4575512409210205,1.1186898946762085,1.0633882284164429,-1.143227458000183,-1.3355370759963987,1.2140803337097168,-0.749337375164032
1.0,0.650003969669342,2.0705249309539795,1.200560450553894,0.6872934103012085,1.2581350803375244,1.5312074422836304,1.373673439025879,-0.5216917991638184
1.0,1.3435676097869873,-1.7224389314651487,-1.4841904640197752,1.2696238756179807,-0.14548897743225095,0.556965172290802,1.308670997619629,-1.3483847379684448
1.0,0.4839424788951874,1.325223684310913,1.054915428161621,0.6799023747444153,-0.04992983117699623,0.6221396327018738,3.1324026584625244,1.608609318733215
1.0,2.373015880584717,2.083029270172119,-0.7828576564788817,1.2161555290222168,-0.0712486058473587,1.2257740497589111,1.0138255357742307,-0.3328676223754883
1.0,1.0358189344406128,1.3889060020446775,-0.8326172232627869,1.0100142955780027,1.1985981464385986,1.3935877084732056,0.26247304677963257,0.4344255328178406
1.0,4.927038192749024,-1.6906944513320923,0.9887497425079343,6.788952350616455,0.29034215211868286,-0.7712612748146057,0.6646975874900818,-1.0344200134277344
1.0,0.7601073384284973,-1.6293162107467651,0.7036829590797424,1.211267590522766,-0.09435249119997025,-1.3276972770690916,1.352921962738037,-0.666378378868103
1.0,0.7674657702445984,-0.14684191346168518,1.0926421880722044,1.1785857677459717,0.3543342351913452,-0.2266845852136612,0.5546857714653015,0.7012214660644531
1.0,1.6005254983901975,0.2866488099098205,1.444901704788208,0.7294726967811584,0.6908029317855834,1.107521653175354,0.5387937426567078,-0.6504003405570984
1.0,0.6107957363128662,-0.0032474973704665895,-0.38985505700111384,0.456874817609787,-0.8060213923454285,-1.5224198102951048,2.367445230484009,-0.6205470561981201
1.0,0.7935841679573059,-2.059342384338379,-1.0603259801864624,1.130395531654358,0.15552203357219696,0.035960812121629715,2.0261960029602046,0.15323662757873535
1.0,1.1238394975662231,0.38344883918762207,-1.6318345069885252,1.8245441913604736,0.37270030379295355,-0.6444072723388672,0.9949005842208862,-0.6863909959793091
1.0,0.4100708961486816,-0.20066960155963895,-1.206920862197876,0.673559308052063,-0.9509332180023192,-1.309859275817871,0.936646819114685,0.16355310380458832
1.0,0.6593636274337769,-1.1809414625167847,1.1493209600448608,1.0982730388641355,-0.8312827944755553,1.6112496852874756,0.17059949040412903,-0.6556270122528076
1.0,1.178585648536682,-0.7644674181938171,-0.452372282743454,1.2423100471496582,-0.23843309283256528,1.3823912143707275,3.33837890625,-0.8100539445877075
1.0,1.467030644416809,-1.0742799043655396,0.27759477496147156,1.1074447631835935,0.013747457414865492,-1.405906558036804,0.3675808310508728,-1.6764122247695923
1.0,1.0924644470214844,0.8589036464691162,1.5229454040527344,1.536577224731445,1.3627015352249143,-0.6144784092903137,1.6024538278579712,0.9071645140647888
1.0,0.943089246749878,-1.1626347303390503,-0.022004369646310806,0.4806591868400574,-1.0460175275802612,1.4740715026855469,0.5990279912948608,0.9061765670776368
1.0,1.1660089492797852,-0.017359962686896324,-1.496449589729309,1.2752233743667603,0.44375327229499817,0.18570323288440704,1.2245473861694336,-0.0740518718957901
1.0,0.589516282081604,0.26934030652046204,0.6604339480400084,0.5324280858039856,0.37244078516960144,-1.090116024017334,0.9393855333328248,1.0085850954055786
1.0,1.1062660217285156,0.8525463342666627,-1.6445299386978147,0.763300895690918,0.23537495732307437,0.2887527048587799,1.089982509613037,0.2509450614452362
1.0,0.42371448874473566,-1.3046481609344482,-0.14375878870487213,0.6362830400466919,0.1603429764509201,-1.4917291402816772,0.27139392495155334,-0.3446974456310272
1.0,0.7794924974441528,0.4961925446987152,-0.19081470370292664,0.8760918974876403,-0.4533582329750061,-1.4579741954803467,0.6845358610153198,1.480713129043579
1.0,2.0268027782440186,-1.1282076835632324,1.6047827005386353,0.9607033133506776,-0.17670485377311707,-0.25675588846206665,1.6865773200988767,-0.4925173223018646
1.0,0.4323777854442597,-1.694150686264038,0.7787336111068724,0.49463111162185674,-1.7036253213882446,-0.6079637408256531,0.565938413143158,1.027565598487854
1.0,1.8015061616897583,0.8525211811065674,-0.692687451839447,0.6080949306488037,1.241444706916809,1.2647793292999268,1.5591036081314087,1.164656639099121
1.0,0.8827606439590454,0.30358898639678955,-0.599132239818573,0.91021591424942,-0.7354446053504944,1.5061756372451782,0.3401431739330292,1.36902117729187
1.0,1.1262049674987793,-0.0031722604762762785,0.9945203065872192,1.0703977346420288,-0.5344130396842957,-0.2637619078159332,1.3505959510803223,-1.1133722066879272
1.0,0.5263474583625793,-1.2092128992080688,0.7258872985839844,0.7693825960159301,0.39870557188987726,-1.3179086446762085,0.43089359998703,0.822627067565918
1.0,0.5610719323158264,0.46804887056350714,0.12732326984405515,0.8328989744186401,-1.7104135751724243,0.929831087589264,0.889267086982727,-1.5198824405670166
1.0,3.1155130863189697,-0.33330768346786493,-0.6324249505996704,2.2547910213470455,-0.4395626783370972,1.22976016998291,2.0910732746124268,1.0086402893066406
1.0,1.0855593681335447,-0.3137051463127136,-1.1738381385803223,0.6372580528259277,-0.00915855262428522,0.1455303132534027,2.98123550415039,-0.20748157799243927
1.0,0.39999961853027344,0.6492858529090881,-0.8249801397323608,0.46322429180145264,-0.07032470405101776,-0.45033451914787287,1.0084643363952637,1.0461708307266235
1.0,0.6484444737434387,1.6947712898254395,-0.5526252388954163,1.023255467414856,0.9426150918006898,1.5661216974258423,0.7380874156951904,0.5452602505683899
1.0,0.7947528362274171,0.3413056433200836,-0.7731719017028807,0.6149930357933044,0.5431725382804872,0.24409735202789304,0.9421002864837646,1.3195085525512695
1.0,0.7697992920875549,-0.033982038497924805,0.2935801148414612,1.0850855112075803,-1.3377294540405271,-0.9642281532287597,0.6424739956855774,1.4887876510620115
1.0,1.084083914756775,-0.15314792096614835,-0.2015341818332672,1.6261602640151975,1.018817663192749,1.1217159032821655,1.0466688871383667,-0.5100192427635193
1.0,1.0685802698135376,0.3768762648105621,0.40993767976760864,0.8298153281211853,0.7747724652290344,-0.8831369876861571,2.010666608810425,-1.2785061597824097
1.0,1.904841899871826,0.4296090602874756,-0.406055212020874,1.02688992023468,0.004975573159754276,1.2414699792861938,0.4951801300048828,-1.517106294631958
1.0,0.8246638178825377,0.6666742563247681,1.459319829940796,0.772232711315155,-0.3086177706718445,0.08383965492248534,1.9200665950775144,0.0696755424141884
1.0,1.4060755968093872,1.4815661907196045,0.7843716740608214,1.6515411138534544,0.8512460589408873,-0.9234838485717772,0.9562878012657164,-0.5813056230545044
1.0,0.8376109600067138,-0.42652964591979986,0.5039340853691101,0.9960466623306273,1.018051505088806,-1.2561076879501343,0.4845330119132996,-0.8491905331611633
1.0,1.5140198469161987,-0.42900863289833063,0.7524264454841613,0.4298160374164581,0.2255600541830063,-0.6102659702301024,1.9360862970352168,-1.4801553487777708
1.0,0.8338516354560851,-1.2719618082046509,-0.8736794590950013,1.0562480688095093,-0.5652244687080383,0.8296872377395629,1.8279616832733157,1.0495319366455078
1.0,0.8031730055809022,1.5592749118804932,-1.6283115148544312,1.0276442766189575,1.6725043058395384,-0.5100470185279846,1.4922195672988892,0.8643301129341124
1.0,1.1941936016082764,1.3401918411254883,-0.4376509487628937,1.1512033939361572,1.0274429321289062,0.8162603378295897,0.8451575040817261,1.480381965637207
1.0,1.1381553411483765,-0.6774858832359314,1.5527647733688354,0.5686671733856201,0.9941444396972656,0.5176270604133606,1.251877784729004,-0.4725191295146942
1.0,0.8193729519844054,0.5898820757865906,1.400067925453186,0.9398590922355651,-0.2376199960708618,-0.8753470182418822,0.05619568005204201,-1.0536489486694336
1.0,1.5496786832809448,-0.6613344550132751,-0.11399805545806883,1.3086359500885008,-0.6200088262557983,0.33578589558601374,3.227243900299072,0.523378312587738
1.0,2.1844861507415767,0.1541150063276291,0.8328721523284912,2.8287103176116943,0.5744732618331909,-1.167348027229309,0.5493314266204834,-0.24272270500659943
1.0,1.122420072555542,1.295438528060913,0.24513095617294312,0.8548747301101683,1.552491307258606,1.7080588340759275,1.3187959194183347,-1.5905390977859497
1.0,2.3556766510009766,-0.25268933176994324,0.5475895404815674,0.950968027114868,0.13237538933753967,-0.6789184808731079,0.733291745185852,0.19887812435626984
1.0,1.0994524955749512,0.803976833820343,0.5152008533477783,1.7134138345718384,0.245388388633728,-0.9238868355751036,0.33970874547958374,0.49315080046653753
1.0,1.9892469644546509,-0.9482858777046205,1.669197916984558,2.552208185195923,-0.2549389898777008,-0.28256505727767944,0.7030742764472961,-0.19292527437210083
1.0,1.08672297000885,1.1999696493148804,0.41364026069641113,0.9301537871360778,1.0965937376022339,-0.9642171263694764,0.8490375876426696,-1.3381797075271606
1.0,1.8641543388366697,0.4427180588245392,1.0497080087661743,1.522172451019287,-0.19516484439373016,-1.4411852359771729,2.508384943008423,1.6034873723983765
1.0,2.0572037696838374,-0.6255140900611876,-1.5491137504577637,2.259183883666992,0.4268733263015747,0.07622631639242172,0.9163615107536318,-0.02679828181862831
1.0,1.1037962436676023,0.8789426684379578,0.87137770652771,1.6181135177612305,0.8316558003425598,-0.919116795063019,1.5044082403182983,0.7576606869697571
1.0,0.8234912753105164,-1.7464303970336914,-1.4384344816207884,0.48979020118713373,-0.7059760093688965,1.6598832607269287,0.8795526623725891,0.24092054367065427
1.0,0.39903843402862554,0.5866075158119202,-0.08154032379388809,0.6365702152252197,-0.400274246931076,0.44881221652030945,1.5840167999267578,-0.7314054965972899
1.0,0.7802245020866394,-1.8490806818008425,-0.8332632780075073,0.9682507514953613,-0.5321410298347473,-0.15755227208137512,0.7990821599960326,1.1189799308776855
1.0,1.4340707063674927,0.2243564873933792,-0.17588630318641663,1.0843268632888792,-0.6105036735534668,1.0605275630950928,1.7921936511993408,0.6872192621231079
1.0,2.24839448928833,1.0103689432144165,1.5137566328048706,2.692013025283813,-0.3779374063014984,-0.211203396320343,1.6909785270690916,1.6677639484405515
1.0,1.8513218164443968,-0.0022581040393561125,0.31847697496414185,1.298761248588562,0.6994076371192932,-1.5193723440170288,1.9772361516952517,0.9477526545524595
1.0,1.4139432907104492,0.9184572100639344,-0.04939806833863258,0.7313283681869507,0.1639249175786972,0.8636904954910278,2.330616950988769,-1.3202369213104248
1.0,0.4861080050468445,1.2449249029159544,1.5872722864151,0.4478787779808045,1.2162606716156004,-0.07695634663105011,2.9017980098724365,-1.059565544128418
1.0,0.5713520050048828,0.04872050508856773,-1.581070065498352,0.5502679944038391,0.6359131932258606,-1.2128456830978391,1.5516238212585447,-1.338107943534851
1.0,1.2135697603225708,0.355150431394577,1.3644393682479858,0.520086944103241,-0.2988893389701843,0.26904138922691345,1.0831220149993896,-1.41889226436615
1.0,1.159863829612732,-0.44384655356407166,1.575002074241638,0.7726183533668518,0.7079530358314513,-1.0175049304962158,1.271580457687378,1.4584652185440063
1.0,0.7160053849220276,-0.08002993464469908,-1.5105805397033691,0.9463821053504944,0.9781378507614136,0.5827202796936035,3.7357711791992183,0.4521691799163818
1.0,2.0005390644073486,0.03895733505487441,-0.355609267950058,1.1138970851898191,1.9877195358276367,-1.1252177953720093,4.782413482666016,-0.8425730466842651
1.0,0.7057647109031677,0.8567172884941101,-0.5089057683944702,1.1730827093124387,0.33858951926231384,1.0622390508651731,0.3704552948474884,-1.0735400915145874
1.0,2.619534730911255,-0.6730172634124756,0.7571753859519958,0.4797891676425934,-0.30886489152908325,-0.5848366022109985,1.598668336868286,0.8328099846839904
1.0,2.537739515304565,0.22824992239475247,-0.5590584874153137,0.6392489075660706,-0.360648900270462,0.6044947504997252,2.6660282611846924,1.186319589614868
1.0,1.7260382175445557,-0.416582465171814,-0.13045497238636017,0.7643659710884094,-0.5919193029403688,0.4303121864795685,5.016382217407227,-0.21783447265625
1.0,0.8803838491439819,-0.17424139380455017,0.10437623411417007,1.2512032985687256,-0.32245200872421265,1.120711088180542,2.070868968963623,-1.2904884815216064
1.0,0.3920275866985321,-0.7395469546318054,1.3208425045013428,0.6260334253311157,1.5641565322875977,0.7585889101028441,0.7783374190330505,-0.3621756136417389
1.0,1.3786790370941162,-0.31113025546073914,1.211455464363098,0.809828221797943,-1.026262640953064,-1.285793662071228,0.6330263614654541,-0.4832180440425873
1.0,1.4364004135131836,-0.7294164896011353,1.268178343772888,0.5884421467781067,-1.1347585916519165,0.3999598920345306,1.7356058359146118,-0.7483162879943847
1.0,1.0207775831222534,0.36069962382316584,1.453311800956726,0.7730148434638977,-1.0313785076141355,-0.739626407623291,0.4984673261642456,0.28381234407424927
1.0,1.5511809587478635,-1.8520994186401367,-0.2064024657011032,2.514042615890503,0.5290639400482178,1.683512806892395,1.4902015924453735,-1.221493124961853
1.0,0.6014806628227234,-0.3102599084377289,-0.8905051946640015,0.6884633898735046,1.3486720323562622,0.4803470969200134,2.6813526153564453,-0.18436279892921448
1.0,1.5536762475967407,0.2783204019069672,-0.6341036558151245,0.5451785326004028,0.17450019717216492,0.36202403903007513,2.472400188446045,1.0170681476593015
1.0,2.4666380882263184,0.05569176375865936,0.4517188966274261,2.80063796043396,-0.27810704708099365,-1.2624180316925049,1.012814164161682,1.4904764890670776
1.0,0.8243455290794371,0.05111559480428696,0.8094475269317627,1.1652075052261353,-0.2050687074661255,-1.2893987894058228,2.25216007232666,0.5288549661636353
1.0,0.8017611503601073,1.1072841882705688,-0.348956823348999,1.144067406654358,0.6844406127929688,0.6510470509529114,0.6408092975616455,1.3261537551879883
1.0,0.46635365486145014,-0.5256287455558777,-1.6876187324523924,0.6200224757194519,0.10862242430448532,-0.198587566614151,0.5190798044204712,0.8199392557144165
1.0,0.954171359539032,-0.1565435230731964,0.9701181650161744,0.6944721937179564,0.5029169917106628,-1.0723387002944946,0.5778887867927551,-0.22766579687595367
1.0,0.7835294008255005,-0.08814617991447447,1.2120296955108643,0.43137824535369873,1.1967281103134155,1.7166051864624023,0.1791463941335678,1.719760179519653
1.0,0.9505227804183961,-0.003972397651523352,1.3738987445831299,1.119055151939392,-0.30498555302619934,-0.2181774079799652,0.9300814867019651,-1.250805377960205
1.0,0.9218212366104126,-0.8570889234542847,-0.17140346765518188,0.731313407421112,-0.8595807552337646,1.1646575927734375,5.05550193786621,1.6616597175598145
1.0,1.0811748504638672,-0.22588101029396057,-0.7450147867202759,1.552160620689392,0.39057865738868713,0.7702987194061278,0.717262864112854,-1.2126237154006958
1.0,1.9402079582214355,-0.2504146695137024,-0.5165500044822693,2.06734037399292,-1.7745556831359863,1.3190443515777588,1.1411305665969849,1.3225773572921753
1.0,1.7449433803558347,0.12207621335983276,-1.1403964757919312,1.0286749601364136,0.09125399589538574,0.9786856174468994,1.224159598350525,0.23233158886432648
1.0,1.4770114421844482,-0.7374278903007507,-0.2627376914024353,0.6421546936035156,0.6754618883132936,0.2358551919460297,1.9183791875839236,-1.22137713432312
1.0,2.168139696121216,0.7196652293205261,-0.5047796964645386,1.6844586133956907,0.4554134607315064,1.178995370864868,1.8545509576797483,1.036644697189331
1.0,0.4307456910610199,0.8271246552467345,-1.2673050165176392,0.6317957639694214,-0.28786346316337585,-1.257758378982544,2.396520137786865,0.6468188166618347
1.0,1.0895733833312988,-0.8097681999206544,0.1115698590874672,0.7373114824295045,-0.5662246346473694,1.4915452003479004,0.3962818384170532,1.6907678842544556
1.0,2.378375768661499,0.4405527114868164,1.4911326169967651,0.5626627206802368,0.6880069375038146,-0.38005498051643366,1.3185564279556274,1.5856218338012695
1.0,0.7650455832481384,0.4158239960670471,-0.23807328939437863,0.4491238594055176,1.9380435943603516,1.327982783317566,1.8230131864547727,1.6662572622299194
1.0,1.815726399421692,0.38800406455993647,-1.5283008813858032,0.7709490060806273,-0.4089597165584564,-0.19726420938968656,3.3792548179626465,1.6886098384857176
1.0,1.876579523086548,0.3953301012516022,0.5315036773681641,2.476112604141236,-0.6060476303100586,-1.079179048538208,0.97460275888443,1.012570023536682
1.0,1.814198851585388,0.868019163608551,0.06746218353509903,0.9442585110664368,0.004776886198669672,1.3939188718795776,1.8443576097488403,-1.688157081604004
1.0,1.164015293121338,0.5017408728599548,-1.0308767557144165,0.7845866680145263,0.7846729755401611,0.315733939409256,1.6501710414886475,0.5842588543891907
1.0,0.5956143140792847,-0.5279311537742615,-1.7154666185379028,0.7650581598281859,0.9802055954933167,-0.8639573454856871,1.451389193534851,1.3914623260498047
1.0,0.7234007120132446,0.6578018069267273,0.7252522706985474,1.0629918575286863,0.6656074523925781,-1.2526018619537351,1.4033641815185547,0.9401857852935792
1.0,0.6956628561019897,0.8422283530235289,-0.4163980782032013,0.6356573104858398,-0.8834795355796814,1.452661395072937,0.8648486733436584,0.8792429566383363
1.0,1.0182784795761108,1.1331422328948975,-1.3632844686508179,1.3347753286361694,-0.1626613438129425,0.2929916381835937,1.251626968383789,1.40034818649292
1.0,0.6175227165222168,0.023881696164608,1.5498435497283936,0.6347250938415527,-0.3160164058208465,1.6401350498199463,0.6961806416511536,0.4923593699932098
1.0,0.8380628824234008,-1.0318138599395752,-0.4474487900733948,0.6704306602478027,-0.4226901829242706,0.7296482920646667,1.4307516813278198,0.9627647995948792
1.0,0.8879013657569885,0.37588229775428766,-0.9239856600761411,1.3115352392196655,-0.3204740583896637,1.1628080606460571,3.944768905639648,-1.6408300399780271
1.0,0.9164845347404481,-0.3344748616218567,1.2673830986022947,0.4878615736961365,0.17216715216636655,-1.306325912475586,1.3804234266281128,1.0738661289215088
1.0,0.9873974323272704,-0.30288007855415344,-0.3636356294155121,1.3816947937011719,0.09524454176425932,1.0723257064819336,0.7514573335647582,-0.1619427502155304
1.0,1.2750886678695679,-1.1138197183609009,-1.668153405189514,1.05605947971344,-0.06171685084700584,0.240443617105484,0.18523959815502167,-0.8859373331069945
1.0,1.3493345975875854,1.8452190160751345,1.5270041227340698,0.8319004178047181,0.5264326333999634,-0.6425632834434509,1.7172143459320068,1.6034046411514282
1.0,1.828762769699097,0.35011839866638184,1.550898194313049,2.770037174224853,0.4616546630859375,-1.133929967880249,3.0130581855773926,1.6519734859466553
1.0,1.157626986503601,-0.6372221112251282,-0.6557391881942749,0.9586439728736876,-0.10020238906145096,1.493720531463623,0.6585906744003296,1.07752525806427
1.0,0.6470478773117065,1.5089043378829956,-1.0306061506271362,0.9172811508178712,-0.8441672325134277,0.10616125166416168,0.6540378928184509,0.9047691822052002
1.0,1.7653635740280151,-0.9790465831756592,0.29840749502182007,0.7554106712341309,-0.6087579727172852,1.3980982303619385,3.2683024406433105,-0.9583711028099059
1.0,0.3748983442783356,1.2951105833053589,-1.1383477449417114,0.557365357875824,-1.4984880685806274,1.6681923866271973,2.846418619155884,0.759459912776947
1.0,0.5919210910797119,0.468534916639328,0.45831340551376337,0.4423371851444244,1.38089120388031,1.2351596355438232,1.4564858675003052,-0.8118476867675781
1.0,1.741798758506775,0.48208707571029663,0.3845382630825042,2.7299427986145015,-0.8583120703697203,-1.4398159980773924,0.4425521492958069,-1.651962161064148
1.0,1.8134731054306032,1.0365633964538574,-0.6919254064559937,0.6538165211677551,0.22846151888370517,-0.8157818913459779,1.1163792610168457,-0.37078776955604553
1.0,1.0728591680526731,0.2551507353782654,-0.7506749033927916,1.556264281272888,-1.5057129859924316,0.7434947490692138,2.408640623092652,-0.9006956219673156
1.0,1.1430400609970093,1.3314043283462524,-1.384726643562317,1.5756900310516355,1.3439928293228147,-0.14202305674552915,0.674148678779602,-1.38279128074646
1.0,1.597661018371582,1.9739291667938232,-1.4605008363723755,0.6466290950775145,0.10536259412765502,-1.3799251317977903,1.1045678853988647,0.6587182283401489
1.0,2.920770168304444,-0.5097615122795105,-1.1498999595642088,2.126332998275757,-0.1937322169542313,0.36591958999633784,3.291459560394287,0.8899391293525696
1.0,0.6472210288047792,-0.7957233190536499,-0.36691465973854065,0.6720185279846193,-0.6098306179046631,1.065584659576416,0.5669212341308594,1.1987762451171875
1.0,0.5205510854721069,-0.4658406376838684,-1.7090113162994385,0.492929607629776,-0.136861190199852,1.1623718738555908,1.0277540683746336,0.5047256350517273
1.0,0.8369477987289428,-0.6532247066497803,-1.1480610370635986,1.1279183626174927,-0.5924333333969116,0.6944138407707214,0.6970837116241455,-1.572955012321472
1.0,1.253881812095642,0.959956169128418,-0.011489872820675371,0.7314034104347229,0.4477149546146393,0.13710817694664,1.3209166526794431,1.2211620807647705
1.0,1.1375772953033447,-0.96960312128067,-1.529355764389038,1.7773417234420776,-1.3079733848571775,0.368059515953064,0.743340253829956,-0.5255187749862671
1.0,1.2533509731292725,-0.4742472469806671,0.245539590716362,1.7554754018783567,-0.9555383920669556,1.7338579893112183,3.4519538879394527,0.16186697781085968
1.0,0.6730874180793761,0.28917828202247614,-0.9541915059089661,1.0503098964691162,0.3664492070674896,1.1087362766265867,2.204077959060669,1.4113755226135252
1.0,0.8067618012428284,1.244714617729187,0.21372021734714508,1.1849287748336792,1.6113032102584839,1.6936216354370115,0.7528609037399293,-0.46597060561180115
1.0,0.5816473960876465,-0.7160845994949341,0.03353889286518097,0.9021649956703186,1.0682547092437744,-1.597007393836975,1.3880627155303955,-0.7843787074089049
1.0,1.9415829181671145,0.3240147829055786,1.7014248371124268,1.2792563438415527,0.29766833782196045,-0.4027541875839233,1.5750092267990112,0.13019123673439023
1.0,0.493782103061676,0.5423864722251892,0.6808270215988159,0.4298096001148224,-1.3400526046752927,1.5677006244659424,0.569579005241394,-0.7562198042869568
1.0,1.9787567853927608,0.17779596149921417,-0.9083361029624939,0.5171939730644226,1.102418065071106,1.0517327785491943,1.375383734703064,0.8086856007575988
1.0,0.6021706461906433,0.6035376191139221,-0.9298114776611328,0.705371081829071,0.04705491662025452,1.2129104137420654,0.6480290293693542,0.5716695189476013
1.0,2.243505954742432,0.03225424885749817,-0.8132181167602539,0.5830911993980408,0.20924611389636996,1.7253116369247437,1.1498645544052124,-0.6907070279121399
1.0,1.039806246757507,-0.6014707088470458,0.9756457805633546,0.9400819540023805,-1.8075575828552248,-0.16698089241981506,0.5874926447868347,-0.986806035041809
1.0,0.6986622214317322,0.8498554825782775,1.4985212087631223,0.9989075660705566,-1.1134465932846067,-0.7292967438697816,0.7410564422607421,1.430046796798706
1.0,0.6959811449050903,0.5266983509063721,-0.5699204206466675,0.4425514340400696,1.718003511428833,0.9456650018692015,1.8771269321441648,-0.7635161280632019
1.0,1.2538105249404907,1.5090472698211668,-1.309510350227356,1.121110200881958,-1.0646605491638184,-0.7261001467704773,3.0485525131225586,-0.4544415771961212
1.0,2.1177895069122314,-0.6541219353675841,-0.4058277010917664,1.645868897438049,-1.2291839122772217,1.3817675113677979,0.7127180695533752,1.1627249717712402
1.0,0.7644218206405639,-0.5121328830718994,1.0273711681365967,0.8143519759178162,1.4211015701293943,-0.48298132419586176,0.6200703382492065,-1.0789378881454468
1.0,0.8408496975898743,-0.17481741309165955,-1.5770940780639648,0.7597222328186035,-1.3036401271820068,0.7402429580688477,1.0617376565933228,-0.7277297377586365
1.0,2.232150077819824,-1.1997610330581665,1.081509709358215,1.514955163002014,-0.31494131684303284,-0.43160590529441833,2.400773048400879,-1.1037465333938599
1.0,2.810814619064331,1.1567046642303467,-0.1824261099100113,1.5807623863220215,1.8353636264801023,-1.4726322889328003,1.0403875112533567,-1.6850827932357788
1.0,1.211532950401306,-1.3176990747451782,0.40199911594390875,1.9707112312316892,-1.0381501913070679,-0.7684786915779114,1.3922244310379028,-1.6778305768966675
1.0,2.9649715423583984,0.13998262584209442,1.1087502241134644,1.6423414945602417,-0.9742882847785949,-0.43051940202713007,3.474404096603393,0.8282621502876282
1.0,1.200743556022644,-0.154912993311882,-0.8268190026283264,1.300614833831787,0.2840210497379303,0.43379864096641535,3.6701643466949454,-1.1205250024795532
1.0,2.1243584156036377,-0.11564487963914873,-0.7890092730522155,1.106579065322876,-2.0446343421936035,0.7014198899269104,1.0417397022247314,-1.395507574081421
1.0,1.265703558921814,0.9844603538513184,-1.4620414972305296,0.6187753081321716,0.7773312330245972,-0.1968766301870346,0.6451511979103088,0.6144433021545409
1.0,1.02534019947052,0.9201137423515322,1.1672842502593994,1.0358216762542725,1.2428616285324097,0.39573305845260626,0.14444226026535034,0.602715015411377
1.0,0.5752501487731934,-1.0212267637252808,1.37198805809021,0.4376012980937958,0.5151612758636475,0.8948781490325927,1.6672624349594116,1.2045658826828003
1.0,1.521098256111145,-1.3233163356781004,-1.2497447729110716,0.6375666856765747,0.4963042140007019,-0.8374956250190736,1.001344919204712,0.051124390214681625
1.0,0.40576791763305664,0.08555788546800613,-0.12080458551645278,0.6618782281875609,0.3840441703796386,1.4743366241455078,0.6346773505210876,1.0290117263793943
1.0,1.0228526592254639,1.2114648818969727,-1.2189867496490479,0.8761347532272339,0.9350606799125672,-0.499027281999588,4.609206676483153,-0.38266506791114807
1.0,1.358437180519104,-0.846770942211151,-0.8548436164855957,2.050072431564331,-0.8821119666099548,0.8876733183860778,1.1729649305343628,-0.886925220489502
1.0,3.2074673175811768,0.3102305233478546,1.2909183502197263,0.8853407502174377,-0.1685178130865097,-0.05383295193314552,1.3098680973052979,-0.8514202833175659
1.0,1.247042894363403,0.6890307664871216,-0.5881102085113524,0.4450843930244446,1.918692231178284,-1.4908623695373535,1.7930259704589844,0.640979528427124
1.0,0.4165521562099457,1.30964994430542,-1.697000741958618,0.45880988240242,-0.9196860194206237,1.1522189378738403,0.6453678607940674,0.19460737705230713
1.0,1.1114842891693115,0.014236255548894404,1.5244032144546509,1.7664557695388792,-0.7117180228233337,-0.6462788581848145,0.8485940098762512,0.7873207926750182
1.0,1.111605167388916,0.0746871531009674,1.4822863340377808,0.5590475797653198,0.9227693676948547,0.3797682523727417,1.453031063079834,-0.4749889671802521
1.0,1.3710405826568604,-1.8931696414947508,-0.423257052898407,1.1816093921661377,0.2765186131000519,-1.7311434745788574,0.5285764336586,-1.437646508216858
1.0,1.7593927383422852,0.510894238948822,-0.7792296409606932,2.902041435241699,0.6719573736190796,0.9948066473007202,1.0523276329040527,-1.5329794883728027
1.0,0.9743306040763856,1.25122332572937,-0.11302782595157625,1.5541642904281616,0.9277452826499939,-1.6560369729995728,0.30650851130485535,0.11615153402090073
1.0,0.7480767369270324,0.9588125944137571,1.2074244022369385,0.4658708274364472,0.8515425920486449,-1.5169652700424194,1.5160269737243652,-0.4206956028938293
1.0,0.8803316950798034,1.0280702114105225,-0.315466433763504,1.232283353805542,0.6128324270248413,1.0845435857772827,0.6760767102241516,1.294026494026184
1.0,0.7291626334190368,-2.0017819404602046,-0.22944502532482147,0.5868434906005859,-0.023743238300085068,0.06802665442228317,1.3879145383834839,1.0824594497680664
1.0,0.7163147330284119,1.0444090366363523,0.10837532579898834,0.7325284481048584,-0.035931289196014404,1.548112392425537,1.0724133253097534,-1.1682548522949219
1.0,0.978013575077057,-0.29747888445854187,-0.6400564312934875,1.63224196434021,1.0161319971084595,1.1848254203796387,0.3006524741649628,0.6200066208839417
1.0,1.2967311143875122,0.5775383114814758,-0.9727733135223389,0.6346800923347473,-0.7390661239624022,0.17765207588672635,0.18256698548793793,1.1336663961410522
1.0,0.6781644225120544,1.1737583875656128,1.2743796110153198,0.4618356823921204,0.6372271180152893,0.6806557178497313,2.185755014419556,1.638192057609558
1.0,0.8196504116058348,-0.3411155641078949,-1.7238657474517822,0.7376586794853209,0.53115314245224,-0.0309118926525116,0.2934703826904297,-0.3601798713207245
1.0,1.6471201181411743,0.5157833099365233,1.3673495054244995,0.4391163289546967,0.23579756915569303,1.6804542541503906,2.430931329727173,-0.47902345657348633
1.0,4.9769301414489755,-0.2527255117893219,-1.64265239238739,6.233569145202637,-0.5523622632026672,0.0691186934709549,4.912703990936279,-0.4645852744579315
1.0,0.6756488680839539,-0.15206818282604215,0.6139103770256041,0.4732939302921295,-1.2266631126403809,0.703241765499115,2.007873058319092,0.6666492819786072
1.0,1.0220328569412231,-1.0008262395858765,0.05211746320128441,0.6510607004165649,0.1736261248588562,0.9311891794204714,0.01931890472769737,-0.9999912977218629
1.0,0.8984984159469603,0.8003567457199096,-1.3848702907562256,0.8790170550346375,1.4033731222152708,0.6569544076919556,0.23525771498680115,-0.5702507495880127
1.0,0.4104439318180084,-0.05802391469478607,0.23303924500942233,0.4362169802188873,0.09904148429632186,0.8736502528190612,0.8623003363609315,-1.0341330766677856
1.0,0.8551641702651978,0.4525197148323059,-1.5332212448120115,1.334895372390747,-1.9595261812210083,0.15643632411956787,0.3020572066307068,1.3256016969680786
1.0,0.5743284225463867,-1.5552233457565308,-0.026749391108751297,0.8135247826576234,0.8086558580398558,-1.6068567037582395,0.5992799997329712,-0.5717132687568665
1.0,0.40249103307724,-1.2370387315750122,0.11867348104715349,0.5245314240455627,0.7279436588287354,1.591286063194275,0.7185113430023192,1.3393335342407227
1.0,0.5235415697097777,-0.7266523838043213,1.342787265777588,0.662480354309082,0.051716290414333344,1.3236156702041624,1.1292942762374876,-0.02547903172671795
1.0,0.9962555170059203,1.4654458761215208,1.4076883792877195,1.487034797668457,0.9610767364501952,-0.1315162032842636,0.775328516960144,-1.2903227806091309
1.0,1.0420188903808592,0.13926449418067932,-1.4290359020233154,0.9640334248542785,0.675978422164917,0.8297314047813414,0.5051066875457764,1.724920630455017
1.0,1.1450145244598389,-0.04352791979908943,-1.1149781942367551,0.982019066810608,1.1200971603393555,1.6035921573638916,2.2486824989318848,-1.4690065383911133
1.0,0.5931521654129028,0.5824929475784302,-0.7657612562179564,0.8349969387054443,0.5117696523666382,-0.05171838775277138,1.323744297027588,1.4571572542190552
1.0,1.031779408454895,1.8564199209213257,0.4795922040939331,1.3412898778915403,0.4866631329059601,-0.8204912543296814,1.0884557962417603,1.1902216672897339
1.0,2.5744931697845455,1.1976319551467896,-1.0930333137512207,1.1949148178100584,0.31330674886703486,0.3474344611167908,2.580946922302246,0.9100455045700072
1.0,1.925020217895508,-0.5381835699081421,1.2634072303771973,0.9995053410530089,-0.21203652024269104,-1.3757458925247192,0.9530507922172545,1.0351378917694092
1.0,0.4631773233413696,0.4015772342681885,-0.4636207818984985,0.7390257716178894,1.4423805475234983,-0.5718845725059509,0.9767269492149352,1.578800082206726
1.0,0.8205568194389342,-1.0698566436767578,0.69049072265625,0.8037444949150084,-2.0257523059844966,-0.4206662476062775,2.7663197517395015,1.021207571029663
1.0,1.0884097814559937,-0.7402516007423402,1.0810458660125732,1.1864739656448364,-0.15326163172721863,-0.7839814424514769,0.9437376260757446,-0.14732131361961365
1.0,1.6599653959274292,-0.6594903469085692,-1.0099480152130127,1.4087536334991455,0.7424493432044984,0.5870873332023621,1.3078956604003906,-0.21726709604263303
1.0,0.5627930760383606,1.2339425086975095,-0.5272805094718933,0.8282017707824707,0.2374427169561386,0.202002614736557,0.15751004219055176,1.2298272848129272
1.0,1.4298312664031982,-1.6393399238586424,-0.5695614814758301,0.8546304702758789,0.16076312959194183,1.3194031715393066,1.082183599472046,1.1894268989562988
1.0,0.485316127538681,0.8353361487388611,0.22314366698265076,0.8078417778015136,-0.45527523756027216,-1.0084285736083984,2.930964231491089,1.3503332138061523
1.0,0.5134397149086,0.49664667248725886,1.1040233373641968,0.5673535466194153,-0.19570113718509677,0.21319901943206787,1.0608437061309814,-0.8589153289794922
1.0,0.9450078010559082,-0.07778578996658325,-1.3233156204223633,0.8960576057434082,-0.05130716040730476,0.2540521025657654,1.5572108030319212,-0.030071768909692764
1.0,0.6447996497154236,-0.6864374279975891,-1.0871633291244507,0.5604018568992615,-1.037886619567871,1.385968804359436,0.16719259321689603,-0.06763360649347305
1.0,1.1748899221420288,0.5345239043235779,-0.24425803124904633,0.76215660572052,-1.1860079765319824,-0.5855598449707031,1.098016381263733,1.4772413969039917
1.0,0.7714619040489197,0.948553442955017,0.5747477412223816,0.7369257211685181,-0.1441189795732498,-1.249189853668213,1.0190407037734983,1.179724097251892
1.0,1.0518673658370972,-0.35407236218452454,-0.9578526020050048,0.7466481924057008,0.004284139256924391,1.3535830974578855,1.9794936180114744,1.1690554618835447
1.0,1.1605588197708128,-2.004119634628296,-0.21886636316776276,1.0201461315155027,-1.5597467422485352,0.8552655577659608,1.3296049833297727,0.9119110107421875
1.0,0.5384709239006041,0.957021415233612,-1.3828933238983154,0.6469227075576782,0.12514808773994443,-0.21955431997776031,0.6999421715736389,0.2983940541744232
1.0,2.0036325454711914,0.39921090006828314,-0.28803604841232294,0.985492706298828,0.28561678528785706,1.3326865434646606,1.4473872184753416,-0.6969161033630371
1.0,0.8528968691825866,0.3606987595558167,1.5408148765563965,1.32575786113739,-0.7423152327537536,-0.4041554033756256,0.38096559047698975,1.443861484527588
1.0,1.2535966634750366,-0.8088113069534301,-0.2859669327735901,1.6912903785705566,-0.6324442625045776,1.6272988319396973,3.1838140487670894,-0.8555486798286438
1.0,2.3398396968841553,-1.1360619068145752,-1.141268968582153,2.173638105392456,-1.260554790496826,0.2841521203517914,1.6522916555404663,0.6307358741760254
1.0,1.119994878768921,0.8925318121910094,0.03962031379342079,0.658828854560852,-0.36116132140159607,1.3381080627441406,1.0192208290100095,1.3810640573501587
1.0,0.8351680040359497,0.5550581812858582,-0.6382065415382385,1.0300828218460083,-0.3618368208408356,-1.564886689186096,0.5864299535751343,0.7891366481781005
1.0,0.6889384984970093,0.49380773305892944,1.1426225900650024,0.5844948291778564,-0.15913954377174375,-1.2739733457565308,1.09321391582489,-0.4322461485862732
1.0,0.8508675694465637,-0.09138116985559464,-0.7395313382148743,1.1793079376220703,1.3114850521087646,1.015868902206421,1.7416603565216064,0.024845212697982788
1.0,0.5439019203186035,0.615764558315277,0.7069520354270935,0.8931453227996825,1.670765995979309,-1.6306076049804688,2.2528440952301025,-1.7263773679733276
1.0,0.7554147839546204,-1.0527609586715698,-1.7228497266769407,0.9811533093452451,0.7704128623008728,0.30245062708854675,0.8250877857208253,-0.6982406973838806
1.0,1.18165123462677,-1.6346391439437866,-0.12340272217988968,0.7961606383323668,-1.4477577209472656,1.2465767860412595,0.8955689072608948,-1.7048802375793457
1.0,1.7894374132156372,-1.2885950803756712,-0.6685614585876465,1.82294762134552,-0.5382635593414307,1.0471614599227903,1.203830003738403,1.2094007730484009
1.0,0.650519609451294,0.7169852256774902,-0.5000267624855042,0.4932231903076172,0.768779218196869,0.504058301448822,1.4168754816055296,-1.2802392244338987
1.0,0.5950872302055359,-1.7504247426986694,0.154781311750412,0.5866056680679321,-0.05695447698235512,0.11381267756223679,1.400787353515625,1.6585137844085691
1.0,0.5678243041038513,-1.172851800918579,0.44792026281356806,0.5363668203353882,-1.773460030555725,0.7670083045959472,0.3635274469852448,0.11209051311016081
1.0,0.4897757768630981,-1.4499663114547727,0.2563882768154144,0.7085126638412476,-0.3389118015766144,-1.022843599319458,2.068873643875122,1.3358728885650635
1.0,1.373841404914856,1.4321458339691162,1.3997917175292969,1.7515045404434204,0.2701777219772339,-0.1013449728488922,0.9689142704010008,-0.7193847298622131
1.0,0.5671788454055786,-1.1342118978500366,0.3681741058826447,0.455507606267929,-0.7867227792739869,1.5996280908584595,0.7401203513145447,-1.4333029985427856
1.0,0.6435902118682861,-1.7040061950683592,0.7431658506393432,1.0723822116851807,-1.589412212371826,1.2990421056747437,0.5968388319015503,-0.5753284096717833
1.0,0.4986198246479034,-1.1771824359893799,-0.04533281549811363,0.44542086124420166,0.7571683526039124,0.3709149062633514,0.8402432799339294,1.4470680952072144
1.0,3.8006575107574463,0.5608806610107422,0.8979334235191345,1.9436417818069456,0.7379093170166015,-0.8140041828155516,2.096569061279297,-0.7327742576599121
1.0,0.46238550543785095,0.05914640426635742,-1.1409761905670166,0.6446747779846193,0.122876837849617,0.6731804013252257,2.3053500652313232,0.24900394678115845
1.0,2.142041683197021,-0.504104733467102,0.04431408643722534,1.4608482122421265,-0.7455618381500243,-1.50570809841156,2.055647373199463,-0.45247453451156616
1.0,0.5467867255210876,-0.27417466044425964,-0.4219505190849304,0.7393194437026978,-1.8141150474548335,1.4807904958724976,1.019158124923706,0.8919039964675902
1.0,1.0058990716934204,0.6706677079200745,1.4202125072479248,1.660751461982727,0.17139278352260587,-0.3347553312778473,2.03121280670166,1.5143359899520874
1.0,0.6303985714912416,0.962176203727722,-1.0675874948501587,0.6322779059410095,-0.049434635788202286,-0.15221300721168518,0.43849417567253113,1.0657694339752195
1.0,2.2084708213806152,-0.6579649448394775,-1.228424072265625,0.4756683111190796,-0.3203760087490082,0.30930042266845703,0.6747084856033325,1.7338727712631223
1.0,0.8078337311744691,1.7536604404449463,1.294656753540039,0.8831271529197693,-0.2813858091831207,0.2842106521129608,0.6875710487365723,-0.5511488318443297
1.0,0.5502316355705261,-1.2769399881362915,-1.2798511981964111,0.6751429438591003,0.13368937373161316,1.365878343582153,1.2227799892425537,0.31213849782943726
1.0,1.640525698661804,-0.6543700098991394,0.8907988667488098,1.3036128282546997,-0.5968250632286072,-0.5739438533782959,0.8013374805450438,-1.2047587633132935
1.0,2.3781464099884038,0.9617473483085632,-1.2030279636383057,1.5134228467941284,0.05946127697825432,0.5731745958328247,1.1750969886779783,0.6550755500793457
1.0,0.4985917806625366,-1.6302412748336792,-0.045721463859081275,0.630439281463623,0.3557322323322296,-1.4961237907409668,1.2744650840759275,0.6304985880851746
1.0,0.8888154625892638,-0.02509930543601513,0.07702422887086867,0.7941741347312926,1.3036341667175293,-1.0222363471984863,0.8913205862045288,1.4823081493377683
1.0,2.060653686523437,-0.367331862449646,-1.292369723320007,1.995100021362305,0.17126426100730896,0.5803959965705872,0.898354411125183,-0.8605269193649293
1.0,1.0912283658981323,-0.34149983525276184,-0.8770700097084044,1.7138296365737915,0.39543336629867554,1.0127606391906738,0.5417958498001099,-1.047125220298767
1.0,1.3932812213897705,-0.9515570998191832,0.16259838640689847,0.6263334155082704,-0.7958415746688842,-0.8335371613502502,0.249391570687294,-1.451543927192688
1.0,0.7985529899597168,0.10924471914768218,0.3819622397422791,0.6292649507522583,0.7472876310348511,-0.8380587697029114,1.63190495967865,-1.4748624563217163
1.0,1.1987066268920898,1.473484992980957,1.71320903301239,0.4868265390396118,-0.5196775197982788,0.951776683330536,2.0613484382629395,-0.2892577648162842
1.0,0.6213304400444031,0.6956420540809631,-0.9302642941474913,1.0060135126113892,1.1522505283355713,0.16913387179374695,0.21979208290576932,1.5063552856445312
1.0,1.9722003936767576,-1.181555151939392,-0.6616091728210449,2.353044271469116,-1.3711514472961424,1.0438765287399292,2.8082675933837886,-1.1383243799209595
1.0,0.548566460609436,-0.8923230767250061,-1.6844820976257324,0.4950489401817322,0.8270424604415892,1.1110163927078247,0.6283344626426697,0.2625761926174164
1.0,1.316794753074646,1.2806384563446045,-0.26695823669433594,1.5933156013488767,0.9768939018249512,1.4769037961959839,1.133168578147888,1.6308515071868896
1.0,2.7054293155670166,-0.5165132284164429,-0.7485930919647216,0.5367953777313232,-1.242653250694275,-1.5390101671218872,1.1052954196929932,-1.58472740650177
1.0,1.1403831243515015,-1.132874846458435,-1.6331433057785034,1.0017855167388916,-0.8620851039886473,-0.22784067690372467,2.078610897064209,-1.5774365663528442
1.0,1.5439625978469849,-0.10707933455705641,-0.7711563706398009,1.7896935939788818,0.9235438704490659,0.5185611844062805,0.8100029826164244,1.1500749588012695
1.0,0.9130650162696838,0.5047917366027832,0.9563350081443786,0.7141828536987305,-0.03298591077327728,-0.2122032344341278,0.9741751551628112,-0.36807563900947565
1.0,2.3083691596984863,1.1610773801803589,1.0231081247329712,1.1078840494155884,-0.032788362354040146,-0.930992305278778,1.0405699014663696,0.10755705088376998
1.0,0.720079243183136,1.3446234464645384,-1.6357496976852417,0.5241113901138306,0.33520036935806274,-1.0335984230041504,3.346736669540405,-0.1933811604976654
1.0,1.5026512145996092,-0.31794166564941406,-0.14640331268310547,0.4761525988578796,-1.3407939672470093,-1.5720914602279663,1.495993733406067,0.8285822868347168
1.0,0.52512526512146,-1.8159486055374143,-0.05510663613677025,0.8772984147071838,-1.0212785005569458,-1.4003249406814575,0.7089736461639404,1.1199015378952026
1.0,2.065300464630127,-0.8255849480628966,-0.8071714639663696,2.552722454071045,-0.663946807384491,0.9382890462875366,1.2640892267227173,-1.0826798677444458
1.0,0.8836213350296019,1.468826413154602,-1.2547754049301147,1.3596612215042114,1.3546693325042725,-0.02184506505727768,0.8880208730697632,1.0965113639831543
1.0,0.960912346839905,0.5217411518096924,-1.0475534200668335,0.651429295539856,0.21958330273628235,0.21470788121223447,2.030665636062622,1.4444409608840942
1.0,0.5319158434867859,-0.4751377701759338,1.2843745946884155,0.5351410508155823,1.9048027992248533,0.4957509934902191,0.4012850224971771,1.2201632261276243
1.0,1.3130900859832764,0.2737601399421692,-0.5356000661849976,1.2166570425033567,1.918058037757873,1.5867036581039429,1.4182095527648924,1.5456463098526
1.0,1.0219730138778687,0.711980938911438,1.1880474090576172,1.6769970655441284,0.10312842577695847,-0.3889066576957703,0.7319429516792297,-1.3179408311843872
1.0,1.7785906791687012,0.062367014586925514,0.44161292910575867,2.216432571411133,0.5589946508407593,-1.2917450666427612,0.9392350316047667,0.09990414232015608
1.0,1.791945457458496,-0.3249557018280029,0.48300263285636896,0.5011434555053711,-0.07430651783943176,1.0001012086868286,1.492151141166687,-0.6484962701797485
1.0,0.9858150482177734,-1.001759648323059,-1.4043411016464231,0.5425748825073241,0.338721364736557,1.6540312767028809,3.4041454792022705,-1.5835628509521484
1.0,1.7338039875030515,0.3241863250732422,-0.9457371830940247,0.6140308380126953,0.3568262755870819,0.6402150988578796,2.379280567169189,-0.38530763983726496
1.0,0.7521595358848571,0.2602567672729492,0.7129876613616943,0.4699959754943848,1.5349358320236206,0.842031955718994,0.9042025208473203,0.5694507956504822
1.0,1.073691725730896,1.5234688520431519,1.2595473527908323,0.476881206035614,-0.9470201134681699,0.14011596143245697,1.0948249101638792,-0.3988335132598877
1.0,0.9574063420295715,1.6062819957733154,-1.5015352964401243,0.5233591794967651,1.34403395652771,0.6207648515701294,0.15840965509414673,1.441123843193054
1.0,0.41302827000617987,-0.3555018901824951,-1.6995409727096555,0.593302309513092,-1.325429916381836,0.4699374437332153,1.0852234363555908,-1.0694338083267212
1.0,0.30948764085769653,-0.7697895765304564,-1.4971565008163452,0.5022106170654297,0.8045886754989624,-0.5810272097587585,1.0703301429748535,0.5626953840255737
1.0,0.7955880165100098,-0.3319142758846283,-1.6840349435806274,0.4573569595813751,-0.09921710193157197,0.9523011445999144,1.2206137180328367,-0.2766784131526947
1.0,0.942506194114685,-1.2068414688110352,-0.5550991296768188,0.6563751697540283,0.1308406293392181,-0.04476750269532204,0.4303372204303741,-0.7635437846183776
1.0,1.7450071573257446,-0.818913996219635,1.3191196918487549,1.0129586458206177,-0.9115961790084839,0.07415597885847092,1.3347357511520384,-0.29787707328796387
1.0,0.5110641717910768,-0.7152479290962219,-1.67268705368042,0.6107050180435181,-1.0102477073669431,0.334261029958725,0.7984836101531982,-1.7030699253082275
1.0,1.5275527238845823,-1.381087064743042,-1.1672171354293823,0.7987621426582336,-1.5095436573028564,0.27663925290107727,1.4321883916854858,-1.6779797077178955
1.0,2.811833143234253,0.5687095522880553,-0.3894447982311249,1.1716961860656738,0.3228003680706024,1.6285135746002195,0.7174099683761597,-1.6367844343185425
1.0,1.013304591178894,1.2905863523483276,1.5941251516342163,1.7054251432418823,0.3713822066783905,-0.622787356376648,3.7434790134429927,1.714748740196228
1.0,1.0982252359390259,-0.03694407269358634,0.1305669397115707,0.6254955530166626,-1.081260323524475,1.7188355922698975,1.2637699842453003,-0.44374263286590576
1.0,1.0244656801223755,-1.8706164360046384,1.070675492286682,0.9725494980812072,-0.7677899599075316,-1.0631463527679443,0.47176846861839294,-1.2634609937667847
1.0,1.0527317523956299,-0.1649434119462967,-1.5443648099899292,1.2446329593658447,0.8854013085365294,0.3720836937427521,1.1574354171752927,1.4906641244888303
1.0,3.1339597702026367,-0.6016632914543152,-0.8164817094802856,0.6138572692871094,0.9157258868217468,1.6851967573165891,2.1272287368774414,1.3909544944763184
1.0,0.4980723857879639,0.1558750420808792,0.5440797209739685,0.7059410810470581,0.10226588696241377,-1.072625756263733,0.7107706069946289,1.489725947380066
1.0,1.1797174215316772,1.696739077568054,-0.0082823121920228,1.019798994064331,1.3048781156539917,-1.695091962814331,0.3683869540691376,-0.9707948565483091
1.0,0.4285814762115479,-0.9029690623283385,0.6834721565246582,0.5757731199264526,-0.35444310307502747,-1.3037365674972534,0.9038079977035521,-1.5474010705947876
1.0,0.34495556354522705,-0.03193080052733421,-0.7251076698303223,0.46108993887901306,0.4104835987091064,0.6054995656013489,1.4250165224075315,-1.4047136306762695
1.0,2.07134747505188,-2.058846473693848,0.9936533570289613,1.4166717529296875,-1.5340768098831177,-0.8018691539764403,1.3633546829223633,-0.36997148394584656
1.0,0.4829431474208832,0.2806985080242157,-0.18545331060886383,0.5568146705627441,-1.4665737152099607,-1.3565053939819336,0.6576910614967345,0.32659712433815
1.0,0.462256908416748,-0.03913011029362679,0.112808458507061,0.6963708400726318,-1.7398979663848877,1.2334812879562376,1.7883626222610471,-0.06695254147052765
1.0,1.773511290550232,1.0272629261016843,0.4649597704410553,0.7213594913482666,1.3275330066680908,1.521645188331604,0.7253331542015076,1.442023515701294
1.0,1.3127973079681396,-0.5055115222930908,0.29835671186447144,0.6816552877426147,-0.19929543137550357,0.06880676001310349,1.3375293016433716,-1.4947315454483032
1.0,0.7182205319404602,-0.9044827818870544,-0.09531406313180925,0.6638968586921692,-1.5830276012420654,-1.3623023033142088,1.5946433544158936,0.7444366812705994
1.0,1.09956693649292,-0.9763303399085999,1.061530828475952,0.747008204460144,-1.1698036193847656,-1.069235920906067,0.14117218554019928,-0.3088536262512207
1.0,2.0793681144714355,0.6705331802368164,0.042942125350236886,2.3270719051361084,0.21686390042304993,-1.4771759510040283,0.5292195081710817,1.2146549224853516
1.0,1.006636142730713,-1.181294560432434,-1.0386629104614256,0.6638968586921692,-1.4394454956054688,1.3298156261444092,0.4935815632343292,1.1213972568511963
1.0,1.1444838047027588,1.141492486000061,0.6137226223945618,1.0574458837509155,-1.0132957696914673,-0.985848069190979,2.5658621788024902,0.3769624829292297
1.0,0.7924014925956726,-0.7791203260421754,0.2206371873617172,0.8557661771774293,-1.7276972532272339,-0.9599494338035583,0.7386905550956726,-1.70381498336792
1.0,0.6964292526245117,0.0035445750690996647,1.197920799255371,0.9372960925102234,1.4297679662704468,-1.5475510358810425,0.6298349499702454,-0.1044234186410904
1.0,0.48839697241783137,-0.39931178092956543,-1.0600498914718628,0.7407336831092833,-0.01644088700413704,-0.35963863134384155,1.2312517166137695,1.4264649152755735
1.0,1.1728543043136597,0.411901980638504,0.013427335768938065,0.8509746193885803,0.11593621969223022,-1.5597137212753296,1.499345779418945,1.6008106470108032
1.0,0.5863170027732849,0.2566534280776977,0.16722753643989563,0.9139981865882872,-0.5633841156959534,-1.1725707054138184,0.9039859175682067,1.2474002838134763
1.0,0.832955300807953,-1.5305930376052856,0.17865993082523343,0.8277109265327453,-1.2537583112716675,1.2391456365585327,0.9017875790596008,-0.716045618057251
1.0,0.8093270063400269,0.6484096050262451,1.1691616773605347,0.5812268853187561,0.4434492886066437,-0.9380976557731628,1.0171685218811035,0.0122574707493186
1.0,0.7757203578948975,0.9529850482940672,0.7621673941612244,0.7125927805900574,1.3132315874099731,-1.0170356035232544,0.8101831674575805,-0.5939003825187683
1.0,0.37259277701377863,0.6497811675071716,-0.7065368890762329,0.6177874207496643,0.4316448569297791,-0.474546492099762,4.486533164978027,0.11534904688596724
1.0,1.7111686468124387,-0.6397574543952942,-0.35859289765357966,1.3598476648330688,-0.5530238151550293,1.0946027040481567,1.1232374906539917,-0.5960584282875061
1.0,0.3698836863040924,1.06020987033844,-1.0744736194610596,0.515981137752533,-0.39799639582633967,0.4488933682441712,0.5821531414985657,0.6521172523498535
1.0,0.44395768642425537,-1.4517574310302734,-1.0802663564682007,0.5128417015075684,1.2404230833053589,1.5131705999374387,6.236550807952881,1.2337514162063599
1.0,0.577578604221344,0.5933929085731505,1.1191426515579224,0.8540925979614259,-1.175973892211914,-0.3455829322338104,0.1966620832681656,0.020894300192594528
1.0,0.747773766517639,-0.93792587518692,1.0619449615478516,1.1437245607376099,-1.7527410984039307,-0.5884914994239807,0.7487220168113708,-0.28221526741981506
1.0,1.0849368572235107,-1.7207489013671875,-1.1490439176559448,1.7855406999588013,-0.313850611448288,0.4144489467144013,0.6012012362480164,1.7374602556228635
1.0,2.069692611694336,1.3067067861557007,-1.371959567070007,0.9344159960746765,1.006831169128418,0.6211678981781006,2.3316545486450195,-0.9197698831558228
1.0,0.8349210023880003,0.3285162150859833,-1.5198907852172852,0.6834553480148315,1.6550229787826538,0.5783642530441284,1.629191279411316,-1.3512656688690183
1.0,0.7032109498977661,1.54155695438385,1.6967531442642212,0.6937392950057983,-1.6099992990493774,-0.669256865978241,0.41071787476539606,0.4829452633857727
1.0,1.3926827907562256,0.06461368501186371,-0.33054670691490173,0.9476614594459533,0.12840791046619415,0.7693491578102112,1.4654706716537476,1.339151382446289
1.0,0.9099879860877991,0.35656484961509705,1.5963560342788696,0.577583909034729,0.3382624685764313,0.17841064929962158,3.429662704467773,-1.2181153297424316
1.0,2.1764910221099854,-0.5720202326774597,-0.7904947400093079,0.5204427242279053,0.07075919210910797,0.9856860637664795,1.5588754415512085,-0.5943751335144042
1.0,0.59084153175354,-0.09004411846399307,1.463036298751831,0.9732866287231443,0.14451919496059415,-0.4992641508579254,0.38441354036331177,-1.2959192991256712
1.0,2.0175602436065674,-0.7228783369064331,-1.2275073528289795,2.07157039642334,-0.4492119550704956,0.6304926872253418,1.941445231437683,0.18527883291244504
1.0,0.8381279110908508,-1.2294368743896484,-0.7393214702606201,1.1892961263656616,0.01239591185003519,1.3231629133224487,2.8613893985748287,0.61856609582901
1.0,1.3392645120620728,-0.16213056445121765,-0.5569600462913513,1.6465458869934082,-1.1620267629623413,1.2975349426269531,0.8978561162948608,0.5707643628120422
1.0,1.161523938179016,-0.7966827750205994,-0.39930057525634766,0.6100043058395386,-1.6525572538375854,0.9369695782661438,0.5410410761833191,0.9593097567558287
1.0,2.4111828804016118,-0.9560728073120115,1.3896311521530151,2.5816733837127686,-0.3126840889453888,-0.9518888592720032,0.8263853192329407,-1.259592056274414
1.0,0.8904895186424254,0.45563361048698425,-0.6570534706115723,0.5811561346054077,-0.21819366514682767,-1.3934844732284544,0.494335263967514,0.35718005895614624
1.0,1.267363667488098,-1.3040761947631836,-1.7159360647201538,1.9568979740142824,-1.759232759475708,0.27374574542045593,1.272845983505249,0.21723273396492004
1.0,0.6763350367546082,-0.9015311598777771,1.409886121749878,0.652031421661377,-0.6392439603805542,0.621350109577179,0.6934179663658142,0.34782338142395014
1.0,0.9058313965797424,-1.2701791524887085,0.6783145070075989,0.6274756193161011,-0.7584322690963745,-1.30513334274292,1.6707059144973755,-0.7285023927688599
1.0,1.5769225358963013,-0.4987321197986602,-1.3817502260208128,0.9291915893554688,0.6154636740684509,0.4801074862480164,5.562227725982666,-1.3688664436340332
1.0,1.157217025756836,-0.7633178830146788,-1.5791704654693604,0.872110366821289,-0.2868633568286896,0.6887107491493225,1.1270320415496826,-0.8391235470771788
1.0,1.475152850151062,-0.4277927279472351,-1.42279052734375,0.7215437889099121,-0.25032892823219294,0.29997947812080383,0.4073816239833832,-1.2942359447479248
1.0,1.4336377382278442,0.8880833387374878,-0.60304194688797,0.6149865984916687,1.3103234767913818,-0.5063381195068359,2.03866982460022,1.560250163078308
1.0,1.3840386867523191,0.029907090589404103,1.1693274974822998,1.4107571840286255,-0.4359906315803528,0.06159920617938042,3.3954913616180415,-0.13699932396411896
1.0,0.5845881700515747,0.5568913221359253,1.177505612373352,0.9714651703834531,1.9263949394226076,-1.4266761541366575,1.1596702337265015,-0.11558156460523604
1.0,2.422933340072632,-0.4370881617069244,-1.321526288986206,3.176786422729492,0.8849894404411317,0.29695069789886475,0.8548502922058105,-1.581239342689514
1.0,0.8109565973281859,1.140071392059326,-1.5299464464187622,1.2637608051300049,-0.35266861319541926,0.4748283922672272,2.5387253761291504,1.6678466796875
1.0,0.5044110417366028,-1.0808558464050293,0.38819667696952814,0.4746589660644531,-0.7169582843780518,-0.8317152261734008,0.7190894484519958,-1.1943165063858032
1.0,0.841830015182495,-0.3053792715072632,1.112610101699829,0.8043723106384277,1.777235507965088,1.6073628664016724,0.36894336342811584,0.17131087183952332
1.0,0.8407427668571472,0.11052795499563216,0.7479866743087769,1.0051091909408567,-0.4724360704421997,-0.9396324753761293,0.7645171284675598,0.6185826659202576
1.0,1.1430654525756836,-0.5496082305908203,-0.8000313639640808,1.0861569643020628,-0.2755960822105408,0.881373941898346,1.4064085483551023,0.2517420053482056
1.0,1.84097158908844,-0.3297951817512512,0.33458876609802246,1.2865101099014282,-1.421156883239746,-0.9212533831596375,2.2936973571777344,-0.4936752617359161
1.0,0.8608548641204835,1.7749942541122437,-1.1464651823043823,1.1680511236190796,1.4981443881988523,0.4421032071113586,1.1576520204544067,1.1352945566177368
1.0,0.2661406099796295,0.90030175447464,0.9477205872535704,0.48397430777549744,0.5410528779029846,-0.9214024543762208,1.2401337623596191,0.31070077419281006
1.0,2.8339080810546875,-1.1199584007263184,-0.6929470300674438,1.3089208602905271,-0.29586678743362427,0.8977600336074829,2.085155487060547,0.9622349739074707
1.0,0.5965130925178528,-0.8036118745803834,0.38048288226127613,0.7437616586685181,0.3118024468421936,-1.3680717945098877,0.7473412156105042,-1.3287750482559204
1.0,0.8001634478569031,0.8519072532653807,-1.6010323762893677,1.148721933364868,-0.6667601466178894,0.3289013206958771,0.770443856716156,-1.3899331092834473
1.0,0.6445526480674744,0.1451306939125061,-1.7077302932739256,0.638530969619751,1.2916313409805296,-0.27179044485092163,1.147743821144104,1.5288349390029907
1.0,1.262408971786499,0.021696584299206734,0.6408029198646545,0.560217559337616,1.7489458322525024,0.9223833084106445,1.5507231950759888,0.31942933797836304
1.0,1.702027916908264,-1.1009368896484375,1.2575483322143555,1.7482472658157349,-0.896339178085327,-0.699312686920166,1.413546085357666,0.7938555479049682
1.0,0.7609373927116394,-0.26858678460121155,0.12127548456192017,1.1891440153121948,-0.47304072976112366,-1.5305522680282593,2.0105412006378174,-0.20702901482582087
1.0,3.0913116931915283,0.07819241285324097,1.3780568838119507,4.241994380950928,-0.03222322836518288,-0.3047817647457123,1.0718443393707275,0.04670003801584244
1.0,0.7182981967926024,-1.046950340270996,1.1065800189971924,0.5886436104774475,1.091082453727722,-0.93818598985672,0.4751377701759338,-0.48459896445274353
1.0,1.008492350578308,1.2924952507019043,1.180874228477478,0.9782132506370544,-0.20262610912323,-0.2133355736732483,0.5200409293174744,-1.4016063213348389
1.0,1.1103194952011108,-0.36077442765235906,1.608940839767456,0.6104736328125,-1.1666401624679563,-1.0409246683120728,1.3330938816070557,-0.4030750095844269
1.0,1.675878882408142,0.6209016442298889,0.3398038446903229,2.0603907108306885,1.031306743621826,-1.2490630149841309,0.7594387531280516,-1.5006039142608643
1.0,0.7579341530799866,-1.9849805831909175,1.210682392120361,0.6431918740272522,0.6465370655059814,-1.0986347198486328,0.47660860419273376,-0.0966220423579216
1.0,0.6313101053237915,0.7031707167625427,0.981825053691864,0.7765399813652039,0.8654816150665283,0.2015642523765564,0.3341354727745056,-1.5897830724716187
1.0,0.5980165600776672,-0.7260730266571045,1.4988635778427124,0.6127108335494995,-0.23006068170070648,-1.5953400135040283,0.5793299674987793,-0.25025859475135803
1.0,1.1524163484573364,-0.9593355655670166,-1.2827502489089964,0.9305565953254701,-1.4433504343032837,0.13753437995910645,0.44403210282325745,1.4338440895080566
1.0,4.2083096504211435,0.039466507732868195,-0.27599292993545527,3.9833638668060303,-0.26758286356925964,1.6178470849990845,0.8718494176864624,-1.609282374382019
1.0,0.9582923054695128,-0.18957376480102536,-1.3489545583724976,0.6518707275390625,1.6367508172988892,-0.06994479149580002,0.3722715973854065,-1.4837428331375122
1.0,1.0535733699798584,1.1355136632919312,0.7204369902610779,0.9406840801239011,-0.6024888157844543,1.3203471899032593,1.2531547546386719,1.500333786010742
1.0,2.4370007514953613,1.2735410928726196,-0.6459430456161499,0.5076001286506653,0.5696415901184082,1.1554762125015259,1.9858331680297847,-0.8377768993377684
1.0,0.7728978991508483,-0.32070407271385193,-1.1801002025604248,1.0033454895019531,0.20434032380580905,0.4463509917259216,1.0162233114242551,0.894050896167755
1.0,1.9394059181213377,0.9981000423431395,-0.5833114981651306,0.7716412544250488,0.7443664073944091,0.8200311064720154,1.7350472211837769,1.2592445611953735
1.0,0.8763660192489624,1.6300126314163208,0.4974213838577271,1.0224390029907227,-0.6225427985191345,-1.4737199544906616,0.5294452905654907,-0.6295433640480042
1.0,1.04453706741333,-0.555815815925598,-1.521536350250244,0.776902139186859,0.4634127020835877,0.6941543817520142,0.6997551321983337,-0.42469975352287287
1.0,2.3730413913726807,-1.0597909688949585,1.4278439283370972,2.0472674369812007,-0.4738052487373352,-1.2377175092697144,1.4144582748413084,-1.352766990661621
1.0,4.157921314239502,-1.1358767747879028,-1.2998522520065308,1.0860861539840698,0.6146860122680664,0.588495135307312,1.3099251985549927,1.5785295963287351
1.0,2.036617994308472,0.9464175105094909,1.482871651649475,1.218673586845398,-0.27246230840682983,-0.3302629590034485,1.1319303512573242,-0.6051209568977356
1.0,0.9693859815597534,-1.7731797695159912,-1.1405675411224363,0.8860437273979187,0.09635338932275773,-1.1654045581817627,1.3665699958801267,1.1162258386611938
1.0,0.7555789947509765,-0.5887703895568848,-0.6106181740760803,0.48150992393493647,-1.712275505065918,0.8119540810585022,0.6262353658676147,-0.16522446274757385
1.0,2.5836849212646484,0.6229391694068909,0.6972386837005615,1.6773998737335205,-0.3420052230358124,-1.4270681142807007,1.101036787033081,-0.9900071024894713
1.0,1.854529857635498,1.4729384183883667,-0.5486730933189392,1.8446662425994875,-1.1949464082717896,1.4083175659179688,1.4300447702407837,0.6977168321609497
1.0,0.6876285076141356,-0.39616677165031433,-1.6005297899246216,0.6277199387550354,-0.6020216941833496,0.6599909663200377,0.25979927182197565,1.0671436786651611
1.0,1.248132586479187,-0.2656444311141968,0.7795674800872802,1.6721303462982176,-1.7612593173980713,0.8305319547653198,1.62052583694458,0.543828010559082
1.0,1.4726194143295288,0.48772287368774414,1.3435162305831907,2.4425330162048335,-0.13035966455936432,-0.3479696214199066,2.053572177886963,1.724975824356079
1.0,1.2451447248458862,-0.7589501738548279,-1.2961856126785278,0.9591540098190308,-1.541375756263733,0.5629443526268004,1.0856851339340208,0.3702771067619324
1.0,2.1750016212463374,0.21869713068008423,-1.194187045097351,2.7823374271392822,0.2822877764701843,0.6692274212837219,0.6990243196487427,-0.24572791159152985
1.0,0.47661724686622614,-0.5803141593933105,0.5736432671546936,0.46666368842124933,1.402606964111328,-0.8065177798271179,0.6046754121780396,-1.0205999612808228
1.0,1.6907612085342407,-0.056492019444704056,-1.5688440799713135,0.8701624274253845,0.34547001123428345,-0.27317729592323303,1.0159165859222412,-0.3966981470584869
1.0,0.7265541553497313,-0.4368779361248016,0.30841463804244995,0.6708806753158569,0.9917801618576048,-0.9376394152641296,1.3151700496673584,1.108752965927124
1.0,0.9598315358161926,0.3775826394557953,-0.5400315523147583,1.35389244556427,0.53169184923172,0.8479558825492858,2.462332248687744,-1.4426413774490356
1.0,1.096924066543579,0.9474602937698364,1.713606595993042,0.949980080127716,0.2068694084882736,0.5874903798103333,0.31765282154083246,0.25119230151176447
1.0,1.064677119255066,1.9550338983535769,-0.7255493998527527,0.5857913494110107,1.0810978412628172,-0.1113096699118614,1.3574485778808592,1.107433795928955
1.0,0.7517508268356323,-0.5733715891838074,1.2426718473434448,0.7182180285453796,0.3894492089748383,-0.10682392865419388,1.0893542766571045,-1.023072600364685
1.0,0.7290595769882202,0.3012630343437195,0.6671046018600464,0.860444188117981,1.1382539272308347,-1.2880240678787231,2.4472360610961914,0.4653213918209076
1.0,1.3636821508407593,0.9171285629272462,1.3718334436416624,1.9664340019226076,0.3691644966602325,-0.201467826962471,0.7323955297470093,-0.43957728147506714
1.0,1.0192842483520508,-0.9206451177597044,0.704737663269043,0.8998312950134277,-0.14993014931678772,-1.72172474861145,2.839212656021118,0.44653847813606257
1.0,2.5140221118927,1.6158852577209473,-0.40123775601387024,3.2872116565704346,-1.3549141883850095,1.1527931690216064,2.29356050491333,-0.6500416398048401
1.0,1.3298310041427612,1.4763189554214475,-0.21102389693260193,0.834321916103363,0.6427178382873535,0.5020255446434021,1.7282286882400513,-1.628974676132202
1.0,1.1609216928482056,0.9578034877777101,0.9041789174079896,1.10122811794281,1.0363318920135498,-0.8852460384368896,1.125169038772583,-0.7090307474136353
1.0,0.8893934488296509,-0.41029915213584894,0.7838305234909058,0.8749754428863524,-0.49653583765029913,-0.5776649117469788,0.9577974081039428,0.012125893495976923
1.0,1.9738426208496092,0.9194746613502502,-0.05266140028834343,1.3684107065200803,0.08221133798360825,1.5591322183609009,0.4507831633090973,-1.7117019891738892
1.0,0.9681892991065981,0.9973600506782532,-0.7401608824729918,1.1568415164947508,1.0185623168945312,0.6646063923835753,2.2910635471343994,1.4557442665100095
1.0,0.7377113699913026,-0.21301588416099548,-0.7759329676628112,1.116267204284668,-0.4460534453392029,0.8379023075103759,1.3020349740982056,-0.11218616366386412
1.0,1.7413914203643799,0.6831923127174377,0.537415623664856,2.840432167053222,-0.23246951401233676,-1.2344270944595337,1.1010493040084839,1.23714017868042
1.0,2.675652027130127,0.06407836079597473,0.36002683639526367,1.173746943473816,1.370280623435974,-1.6820625066757202,1.721946358680725,-1.1701425313949585
1.0,0.40510210394859314,-1.3674474954605103,1.5988298654556274,0.4512324929237366,0.04611741751432418,0.06730010360479355,1.8305954933166504,-1.0119955539703367
1.0,0.715618371963501,-2.007239580154419,1.3852080106735227,0.4670151770114898,-0.30613312125205994,-1.3734933137893677,1.2191542387008667,0.877267062664032
1.0,0.9345596432685853,-0.22305724024772644,1.6010994911193848,1.4019454717636108,1.437034010887146,-0.020818008109927177,0.4922304451465607,0.16742259263992307
1.0,2.950369358062744,-0.8663389682769774,-0.9154043793678285,1.0994688272476196,0.8345392346382141,0.9739375710487364,1.8158869743347168,0.5596432685852051
1.0,1.181469202041626,1.351325511932373,0.4153023958206177,1.6815828084945679,0.33778631687164307,-1.3831934928894043,0.35057711601257324,-0.6190016865730286
1.0,0.5703373551368712,-0.39775776863098145,-0.5596548914909363,0.7556014060974121,-0.10747911036014555,0.06941130012273788,0.939264714717865,0.8815940618515015
1.0,2.026013374328613,-0.4325152337551117,1.4471824169158936,2.762943744659424,-1.3968214988708496,-0.06566498428583145,0.33362466096878046,-1.1446106433868408
1.0,0.9769900441169738,0.323813796043396,1.3040165901184082,0.6663933396339417,0.65204256772995,1.3647408485412595,1.02546226978302,-0.4842931926250458
1.0,1.0881767272949219,0.1309419572353363,0.9534139037132264,1.1926519870758057,0.011440865695476532,-1.0870904922485352,0.47947734594345087,1.171826124191284
1.0,3.145035743713379,-0.7565922141075134,-0.687949538230896,2.0337648391723633,0.0655292272567749,1.1310020685195923,1.4390751123428345,0.9805365800857545
1.0,0.5405588150024414,-1.0493888854980469,-0.6242080330848694,0.6948729157447815,1.1155743598937988,1.1817227602005005,0.4588090181350708,-0.26088911294937134
1.0,1.316934823989868,0.5303765535354614,-1.1372598409652708,0.8044945001602173,-0.2538334131240845,0.9310732483863831,2.089454174041748,-1.4492700099945068
1.0,1.0291123390197752,-0.5714055299758911,1.0349584817886353,0.4695566594600677,-0.07601682841777802,1.5253221988677979,0.12331900745630264,-0.46668809652328486
1.0,1.3855918645858765,-1.2449349164962769,-1.4638526439666748,0.580202579498291,-0.41781896352767933,0.763441801071167,1.1532394886016843,0.4295310974121094
1.0,1.3673231601715088,-0.029855007305741314,-0.18592543900012967,1.7980275154113767,-1.404252290725708,1.348095417022705,1.0684967041015625,-1.075057864189148
1.0,1.5866361856460571,0.12456532567739485,-0.8406296968460083,1.0494078397750854,-0.9753510951995848,1.2429109811782837,0.6998669505119324,0.5400843024253845
1.0,0.9560492634773254,0.14290647208690643,-0.24569487571716309,1.0766315460205078,0.5980548858642578,-1.3884162902832031,1.9872584342956543,0.24554948508739471
1.0,1.4352673292160034,1.2980369329452515,1.6331000328063965,0.7458532452583314,-0.0033538087736815214,1.60435950756073,2.133967399597168,-1.2278788089752195
1.0,1.7899339199066162,0.5407314896583557,-0.02943036518990993,0.8675630688667297,0.2876581847667694,-1.6508970260620115,0.8407049775123597,1.7130101919174194
